
Insert into QNA (QNA_NO,CATD_NO,QNA_SEQ_NO,ACC_NO,QNA_FRONT_IMG,QNA_TITLE,QNA_CONTENT,QNA_CON_COUNT,QNA_REGDATE,QNA_RE_YN,QNA_VIEWCOUNT,QNA_PNO) values (100,14,1000,100,null,'테스트글 1','테스트글 1 내용',0,to_date('13/03/15','RR/MM/DD'),'N',0,100);
Insert into QNA (QNA_NO,CATD_NO,QNA_SEQ_NO,ACC_NO,QNA_FRONT_IMG,QNA_TITLE,QNA_CONTENT,QNA_CON_COUNT,QNA_REGDATE,QNA_RE_YN,QNA_VIEWCOUNT,QNA_PNO) values (101,14,1000,100,null,'테스트글 2','테스트글 2 내용',0,to_date('13/03/16','RR/MM/DD'),'N',0,101);
Insert into QNA (QNA_NO,CATD_NO,QNA_SEQ_NO,ACC_NO,QNA_FRONT_IMG,QNA_TITLE,QNA_CONTENT,QNA_CON_COUNT,QNA_REGDATE,QNA_RE_YN,QNA_VIEWCOUNT,QNA_PNO) values (102,14,1000,100,null,'테스트글 3','테스트글 3 내용',0,to_date('13/03/17','RR/MM/DD'),'N',0,102);
Insert into QNA (QNA_NO,CATD_NO,QNA_SEQ_NO,ACC_NO,QNA_FRONT_IMG,QNA_TITLE,QNA_CONTENT,QNA_CON_COUNT,QNA_REGDATE,QNA_RE_YN,QNA_VIEWCOUNT,QNA_PNO) values (103,14,1000,100,null,'테스트글 4','테스트글 4 내용',0,to_date('13/03/18','RR/MM/DD'),'N',0,103);
Insert into QNA (QNA_NO,CATD_NO,QNA_SEQ_NO,ACC_NO,QNA_FRONT_IMG,QNA_TITLE,QNA_CONTENT,QNA_CON_COUNT,QNA_REGDATE,QNA_RE_YN,QNA_VIEWCOUNT,QNA_PNO) values (104,14,1000,100,null,'테스트글 5','테스트글 5 내용',0,to_date('13/03/19','RR/MM/DD'),'N',0,104);
Insert into QNA (QNA_NO,CATD_NO,QNA_SEQ_NO,ACC_NO,QNA_FRONT_IMG,QNA_TITLE,QNA_CONTENT,QNA_CON_COUNT,QNA_REGDATE,QNA_RE_YN,QNA_VIEWCOUNT,QNA_PNO) values (105,14,1000,100,null,'테스트글 6','테스트글 6 내용',0,to_date('13/03/20','RR/MM/DD'),'N',0,105);
Insert into QNA (QNA_NO,CATD_NO,QNA_SEQ_NO,ACC_NO,QNA_FRONT_IMG,QNA_TITLE,QNA_CONTENT,QNA_CON_COUNT,QNA_REGDATE,QNA_RE_YN,QNA_VIEWCOUNT,QNA_PNO) values (106,14,1000,100,null,'테스트글 7','테스트글 7 내용',0,to_date('13/03/21','RR/MM/DD'),'N',0,106);
Insert into QNA (QNA_NO,CATD_NO,QNA_SEQ_NO,ACC_NO,QNA_FRONT_IMG,QNA_TITLE,QNA_CONTENT,QNA_CON_COUNT,QNA_REGDATE,QNA_RE_YN,QNA_VIEWCOUNT,QNA_PNO) values (107,14,1000,100,null,'테스트글 8','테스트글 8 내용',0,to_date('13/03/22','RR/MM/DD'),'N',0,107);
Insert into QNA (QNA_NO,CATD_NO,QNA_SEQ_NO,ACC_NO,QNA_FRONT_IMG,QNA_TITLE,QNA_CONTENT,QNA_CON_COUNT,QNA_REGDATE,QNA_RE_YN,QNA_VIEWCOUNT,QNA_PNO) values (108,14,1000,100,null,'테스트글 9','테스트글 9 내용',0,to_date('13/03/23','RR/MM/DD'),'N',0,108);
Insert into QNA (QNA_NO,CATD_NO,QNA_SEQ_NO,ACC_NO,QNA_FRONT_IMG,QNA_TITLE,QNA_CONTENT,QNA_CON_COUNT,QNA_REGDATE,QNA_RE_YN,QNA_VIEWCOUNT,QNA_PNO) values (109,14,1000,100,null,'테스트글 10','테스트글 10 내용',0,to_date('13/03/24','RR/MM/DD'),'N',0,109);
Insert into QNA (QNA_NO,CATD_NO,QNA_SEQ_NO,ACC_NO,QNA_FRONT_IMG,QNA_TITLE,QNA_CONTENT,QNA_CON_COUNT,QNA_REGDATE,QNA_RE_YN,QNA_VIEWCOUNT,QNA_PNO) values (110,14,1000,100,null,'테스트글 11','테스트글 11 내용',0,to_date('13/03/25','RR/MM/DD'),'N',0,110);
Insert into QNA (QNA_NO,CATD_NO,QNA_SEQ_NO,ACC_NO,QNA_FRONT_IMG,QNA_TITLE,QNA_CONTENT,QNA_CON_COUNT,QNA_REGDATE,QNA_RE_YN,QNA_VIEWCOUNT,QNA_PNO) values (111,14,1000,100,null,'테스트글 12','테스트글 12 내용',0,to_date('13/03/26','RR/MM/DD'),'N',0,111);
Insert into QNA (QNA_NO,CATD_NO,QNA_SEQ_NO,ACC_NO,QNA_FRONT_IMG,QNA_TITLE,QNA_CONTENT,QNA_CON_COUNT,QNA_REGDATE,QNA_RE_YN,QNA_VIEWCOUNT,QNA_PNO) values (112,14,1000,100,null,'테스트글 13','테스트글 13 내용',0,to_date('13/03/27','RR/MM/DD'),'N',0,112);
Insert into QNA (QNA_NO,CATD_NO,QNA_SEQ_NO,ACC_NO,QNA_FRONT_IMG,QNA_TITLE,QNA_CONTENT,QNA_CON_COUNT,QNA_REGDATE,QNA_RE_YN,QNA_VIEWCOUNT,QNA_PNO) values (113,14,1000,100,null,'테스트글 14','테스트글 14 내용',0,to_date('13/03/28','RR/MM/DD'),'N',0,113);
Insert into QNA (QNA_NO,CATD_NO,QNA_SEQ_NO,ACC_NO,QNA_FRONT_IMG,QNA_TITLE,QNA_CONTENT,QNA_CON_COUNT,QNA_REGDATE,QNA_RE_YN,QNA_VIEWCOUNT,QNA_PNO) values (114,14,1000,100,null,'테스트글 15','테스트글 15 내용',0,to_date('14/01/01','RR/MM/DD'),'N',0,114);
Insert into QNA (QNA_NO,CATD_NO,QNA_SEQ_NO,ACC_NO,QNA_FRONT_IMG,QNA_TITLE,QNA_CONTENT,QNA_CON_COUNT,QNA_REGDATE,QNA_RE_YN,QNA_VIEWCOUNT,QNA_PNO) values (115,14,1000,100,null,'테스트글 16','테스트글 16 내용',0,to_date('14/01/02','RR/MM/DD'),'N',0,115);
Insert into QNA (QNA_NO,CATD_NO,QNA_SEQ_NO,ACC_NO,QNA_FRONT_IMG,QNA_TITLE,QNA_CONTENT,QNA_CON_COUNT,QNA_REGDATE,QNA_RE_YN,QNA_VIEWCOUNT,QNA_PNO) values (116,14,1000,100,null,'테스트글 17','테스트글 17 내용',0,to_date('14/01/03','RR/MM/DD'),'N',0,116);
Insert into QNA (QNA_NO,CATD_NO,QNA_SEQ_NO,ACC_NO,QNA_FRONT_IMG,QNA_TITLE,QNA_CONTENT,QNA_CON_COUNT,QNA_REGDATE,QNA_RE_YN,QNA_VIEWCOUNT,QNA_PNO) values (117,14,1000,100,null,'테스트글 18','테스트글 18 내용',0,to_date('14/01/04','RR/MM/DD'),'N',0,117);
Insert into QNA (QNA_NO,CATD_NO,QNA_SEQ_NO,ACC_NO,QNA_FRONT_IMG,QNA_TITLE,QNA_CONTENT,QNA_CON_COUNT,QNA_REGDATE,QNA_RE_YN,QNA_VIEWCOUNT,QNA_PNO) values (118,14,1000,100,null,'테스트글 19','테스트글 19 내용',0,to_date('14/01/05','RR/MM/DD'),'N',0,118);
Insert into QNA (QNA_NO,CATD_NO,QNA_SEQ_NO,ACC_NO,QNA_FRONT_IMG,QNA_TITLE,QNA_CONTENT,QNA_CON_COUNT,QNA_REGDATE,QNA_RE_YN,QNA_VIEWCOUNT,QNA_PNO) values (119,14,1000,100,null,'테스트글 20','테스트글 20 내용',0,to_date('14/01/06','RR/MM/DD'),'N',0,119);
Insert into QNA (QNA_NO,CATD_NO,QNA_SEQ_NO,ACC_NO,QNA_FRONT_IMG,QNA_TITLE,QNA_CONTENT,QNA_CON_COUNT,QNA_REGDATE,QNA_RE_YN,QNA_VIEWCOUNT,QNA_PNO) values (120,14,1000,100,null,'테스트글 21','테스트글 21 내용',0,to_date('14/01/07','RR/MM/DD'),'N',0,120);
Insert into QNA (QNA_NO,CATD_NO,QNA_SEQ_NO,ACC_NO,QNA_FRONT_IMG,QNA_TITLE,QNA_CONTENT,QNA_CON_COUNT,QNA_REGDATE,QNA_RE_YN,QNA_VIEWCOUNT,QNA_PNO) values (121,14,1000,100,null,'테스트글 22','테스트글 22 내용',0,to_date('14/01/08','RR/MM/DD'),'N',0,121);
Insert into QNA (QNA_NO,CATD_NO,QNA_SEQ_NO,ACC_NO,QNA_FRONT_IMG,QNA_TITLE,QNA_CONTENT,QNA_CON_COUNT,QNA_REGDATE,QNA_RE_YN,QNA_VIEWCOUNT,QNA_PNO) values (122,14,1000,100,null,'테스트글 23','테스트글 23 내용',0,to_date('14/01/09','RR/MM/DD'),'N',0,122);
Insert into QNA (QNA_NO,CATD_NO,QNA_SEQ_NO,ACC_NO,QNA_FRONT_IMG,QNA_TITLE,QNA_CONTENT,QNA_CON_COUNT,QNA_REGDATE,QNA_RE_YN,QNA_VIEWCOUNT,QNA_PNO) values (123,14,1000,100,null,'테스트글 24','테스트글 24 내용',0,to_date('14/01/10','RR/MM/DD'),'N',0,123);
Insert into QNA (QNA_NO,CATD_NO,QNA_SEQ_NO,ACC_NO,QNA_FRONT_IMG,QNA_TITLE,QNA_CONTENT,QNA_CON_COUNT,QNA_REGDATE,QNA_RE_YN,QNA_VIEWCOUNT,QNA_PNO) values (124,14,1000,100,null,'테스트글 25','테스트글 25 내용',0,to_date('14/01/11','RR/MM/DD'),'N',0,124);
Insert into QNA (QNA_NO,CATD_NO,QNA_SEQ_NO,ACC_NO,QNA_FRONT_IMG,QNA_TITLE,QNA_CONTENT,QNA_CON_COUNT,QNA_REGDATE,QNA_RE_YN,QNA_VIEWCOUNT,QNA_PNO) values (125,14,1000,100,null,'테스트글 26','테스트글 26 내용',0,to_date('14/01/12','RR/MM/DD'),'N',0,125);
Insert into QNA (QNA_NO,CATD_NO,QNA_SEQ_NO,ACC_NO,QNA_FRONT_IMG,QNA_TITLE,QNA_CONTENT,QNA_CON_COUNT,QNA_REGDATE,QNA_RE_YN,QNA_VIEWCOUNT,QNA_PNO) values (126,14,1000,100,null,'테스트글 27','테스트글 27 내용',0,to_date('14/01/13','RR/MM/DD'),'N',0,126);
Insert into QNA (QNA_NO,CATD_NO,QNA_SEQ_NO,ACC_NO,QNA_FRONT_IMG,QNA_TITLE,QNA_CONTENT,QNA_CON_COUNT,QNA_REGDATE,QNA_RE_YN,QNA_VIEWCOUNT,QNA_PNO) values (127,14,1000,100,null,'테스트글 28','테스트글 28 내용',0,to_date('14/01/14','RR/MM/DD'),'N',0,127);
Insert into QNA (QNA_NO,CATD_NO,QNA_SEQ_NO,ACC_NO,QNA_FRONT_IMG,QNA_TITLE,QNA_CONTENT,QNA_CON_COUNT,QNA_REGDATE,QNA_RE_YN,QNA_VIEWCOUNT,QNA_PNO) values (128,14,1000,100,null,'테스트글 29','테스트글 29 내용',0,to_date('14/01/15','RR/MM/DD'),'N',0,128);
Insert into QNA (QNA_NO,CATD_NO,QNA_SEQ_NO,ACC_NO,QNA_FRONT_IMG,QNA_TITLE,QNA_CONTENT,QNA_CON_COUNT,QNA_REGDATE,QNA_RE_YN,QNA_VIEWCOUNT,QNA_PNO) values (129,14,1000,100,null,'테스트글 30','테스트글 30 내용',0,to_date('14/01/16','RR/MM/DD'),'N',0,129);
Insert into QNA (QNA_NO,CATD_NO,QNA_SEQ_NO,ACC_NO,QNA_FRONT_IMG,QNA_TITLE,QNA_CONTENT,QNA_CON_COUNT,QNA_REGDATE,QNA_RE_YN,QNA_VIEWCOUNT,QNA_PNO) values (130,14,1000,100,null,'테스트글 31','테스트글 31 내용',0,to_date('14/01/17','RR/MM/DD'),'N',0,130);
Insert into QNA (QNA_NO,CATD_NO,QNA_SEQ_NO,ACC_NO,QNA_FRONT_IMG,QNA_TITLE,QNA_CONTENT,QNA_CON_COUNT,QNA_REGDATE,QNA_RE_YN,QNA_VIEWCOUNT,QNA_PNO) values (131,14,1000,100,null,'테스트글 32','테스트글 32 내용',0,to_date('14/01/18','RR/MM/DD'),'N',0,131);
Insert into QNA (QNA_NO,CATD_NO,QNA_SEQ_NO,ACC_NO,QNA_FRONT_IMG,QNA_TITLE,QNA_CONTENT,QNA_CON_COUNT,QNA_REGDATE,QNA_RE_YN,QNA_VIEWCOUNT,QNA_PNO) values (132,14,1000,100,null,'테스트글 33','테스트글 33 내용',0,to_date('14/01/19','RR/MM/DD'),'N',0,132);
Insert into QNA (QNA_NO,CATD_NO,QNA_SEQ_NO,ACC_NO,QNA_FRONT_IMG,QNA_TITLE,QNA_CONTENT,QNA_CON_COUNT,QNA_REGDATE,QNA_RE_YN,QNA_VIEWCOUNT,QNA_PNO) values (133,14,1000,100,null,'테스트글 34','테스트글 34 내용',0,to_date('14/01/20','RR/MM/DD'),'N',0,133);
Insert into QNA (QNA_NO,CATD_NO,QNA_SEQ_NO,ACC_NO,QNA_FRONT_IMG,QNA_TITLE,QNA_CONTENT,QNA_CON_COUNT,QNA_REGDATE,QNA_RE_YN,QNA_VIEWCOUNT,QNA_PNO) values (134,14,1000,100,null,'테스트글 35','테스트글 35 내용',0,to_date('14/01/21','RR/MM/DD'),'N',0,134);
Insert into QNA (QNA_NO,CATD_NO,QNA_SEQ_NO,ACC_NO,QNA_FRONT_IMG,QNA_TITLE,QNA_CONTENT,QNA_CON_COUNT,QNA_REGDATE,QNA_RE_YN,QNA_VIEWCOUNT,QNA_PNO) values (135,14,1000,100,null,'테스트글 36','테스트글 36 내용',0,to_date('14/01/22','RR/MM/DD'),'N',0,135);
Insert into QNA (QNA_NO,CATD_NO,QNA_SEQ_NO,ACC_NO,QNA_FRONT_IMG,QNA_TITLE,QNA_CONTENT,QNA_CON_COUNT,QNA_REGDATE,QNA_RE_YN,QNA_VIEWCOUNT,QNA_PNO) values (136,14,1000,100,null,'테스트글 37','테스트글 37 내용',0,to_date('14/01/23','RR/MM/DD'),'N',0,136);
Insert into QNA (QNA_NO,CATD_NO,QNA_SEQ_NO,ACC_NO,QNA_FRONT_IMG,QNA_TITLE,QNA_CONTENT,QNA_CON_COUNT,QNA_REGDATE,QNA_RE_YN,QNA_VIEWCOUNT,QNA_PNO) values (137,14,1000,100,null,'테스트글 38','테스트글 38 내용',0,to_date('14/01/24','RR/MM/DD'),'N',0,137);
Insert into QNA (QNA_NO,CATD_NO,QNA_SEQ_NO,ACC_NO,QNA_FRONT_IMG,QNA_TITLE,QNA_CONTENT,QNA_CON_COUNT,QNA_REGDATE,QNA_RE_YN,QNA_VIEWCOUNT,QNA_PNO) values (138,14,1000,100,null,'테스트글 39','테스트글 39 내용',0,to_date('14/01/25','RR/MM/DD'),'N',0,138);
Insert into QNA (QNA_NO,CATD_NO,QNA_SEQ_NO,ACC_NO,QNA_FRONT_IMG,QNA_TITLE,QNA_CONTENT,QNA_CON_COUNT,QNA_REGDATE,QNA_RE_YN,QNA_VIEWCOUNT,QNA_PNO) values (139,14,1000,100,null,'테스트글 40','테스트글 40 내용',0,to_date('14/01/26','RR/MM/DD'),'N',0,139);
Insert into QNA (QNA_NO,CATD_NO,QNA_SEQ_NO,ACC_NO,QNA_FRONT_IMG,QNA_TITLE,QNA_CONTENT,QNA_CON_COUNT,QNA_REGDATE,QNA_RE_YN,QNA_VIEWCOUNT,QNA_PNO) values (140,14,1000,100,null,'테스트글 41','테스트글 41 내용',0,to_date('18/06/01','RR/MM/DD'),'N',0,140);
Insert into QNA (QNA_NO,CATD_NO,QNA_SEQ_NO,ACC_NO,QNA_FRONT_IMG,QNA_TITLE,QNA_CONTENT,QNA_CON_COUNT,QNA_REGDATE,QNA_RE_YN,QNA_VIEWCOUNT,QNA_PNO) values (141,14,1000,100,null,'테스트글 42','테스트글 42 내용',0,to_date('18/06/02','RR/MM/DD'),'N',0,141);
Insert into QNA (QNA_NO,CATD_NO,QNA_SEQ_NO,ACC_NO,QNA_FRONT_IMG,QNA_TITLE,QNA_CONTENT,QNA_CON_COUNT,QNA_REGDATE,QNA_RE_YN,QNA_VIEWCOUNT,QNA_PNO) values (142,14,1000,100,null,'테스트글 43','테스트글 43 내용',0,to_date('18/06/03','RR/MM/DD'),'N',0,142);
Insert into QNA (QNA_NO,CATD_NO,QNA_SEQ_NO,ACC_NO,QNA_FRONT_IMG,QNA_TITLE,QNA_CONTENT,QNA_CON_COUNT,QNA_REGDATE,QNA_RE_YN,QNA_VIEWCOUNT,QNA_PNO) values (143,14,1000,100,null,'테스트글 44','테스트글 44 내용',0,to_date('18/06/04','RR/MM/DD'),'N',0,143);
Insert into QNA (QNA_NO,CATD_NO,QNA_SEQ_NO,ACC_NO,QNA_FRONT_IMG,QNA_TITLE,QNA_CONTENT,QNA_CON_COUNT,QNA_REGDATE,QNA_RE_YN,QNA_VIEWCOUNT,QNA_PNO) values (144,14,1000,100,null,'테스트글 45','테스트글 45 내용',0,to_date('18/06/05','RR/MM/DD'),'N',0,144);
Insert into QNA (QNA_NO,CATD_NO,QNA_SEQ_NO,ACC_NO,QNA_FRONT_IMG,QNA_TITLE,QNA_CONTENT,QNA_CON_COUNT,QNA_REGDATE,QNA_RE_YN,QNA_VIEWCOUNT,QNA_PNO) values (145,14,1000,100,null,'테스트글 46','테스트글 46 내용',0,to_date('18/06/06','RR/MM/DD'),'N',0,145);
Insert into QNA (QNA_NO,CATD_NO,QNA_SEQ_NO,ACC_NO,QNA_FRONT_IMG,QNA_TITLE,QNA_CONTENT,QNA_CON_COUNT,QNA_REGDATE,QNA_RE_YN,QNA_VIEWCOUNT,QNA_PNO) values (146,14,1000,100,null,'테스트글 47','테스트글 47 내용',0,to_date('18/06/07','RR/MM/DD'),'N',0,146);
Insert into QNA (QNA_NO,CATD_NO,QNA_SEQ_NO,ACC_NO,QNA_FRONT_IMG,QNA_TITLE,QNA_CONTENT,QNA_CON_COUNT,QNA_REGDATE,QNA_RE_YN,QNA_VIEWCOUNT,QNA_PNO) values (147,14,1000,100,null,'테스트글 48','테스트글 48 내용',0,to_date('18/06/08','RR/MM/DD'),'N',0,147);
Insert into QNA (QNA_NO,CATD_NO,QNA_SEQ_NO,ACC_NO,QNA_FRONT_IMG,QNA_TITLE,QNA_CONTENT,QNA_CON_COUNT,QNA_REGDATE,QNA_RE_YN,QNA_VIEWCOUNT,QNA_PNO) values (148,14,1000,100,null,'테스트글 49','테스트글 49 내용',0,to_date('18/06/09','RR/MM/DD'),'N',0,148);
Insert into QNA (QNA_NO,CATD_NO,QNA_SEQ_NO,ACC_NO,QNA_FRONT_IMG,QNA_TITLE,QNA_CONTENT,QNA_CON_COUNT,QNA_REGDATE,QNA_RE_YN,QNA_VIEWCOUNT,QNA_PNO) values (149,14,1000,100,null,'테스트글 50','테스트글 50 내용',0,to_date('18/06/10','RR/MM/DD'),'N',0,149);
Insert into QNA (QNA_NO,CATD_NO,QNA_SEQ_NO,ACC_NO,QNA_FRONT_IMG,QNA_TITLE,QNA_CONTENT,QNA_CON_COUNT,QNA_REGDATE,QNA_RE_YN,QNA_VIEWCOUNT,QNA_PNO) values (150,14,1000,100,null,'테스트글 51','테스트글 51 내용',0,to_date('18/06/11','RR/MM/DD'),'N',0,150);
Insert into QNA (QNA_NO,CATD_NO,QNA_SEQ_NO,ACC_NO,QNA_FRONT_IMG,QNA_TITLE,QNA_CONTENT,QNA_CON_COUNT,QNA_REGDATE,QNA_RE_YN,QNA_VIEWCOUNT,QNA_PNO) values (151,14,1000,100,null,'테스트글 52','테스트글 52 내용',0,to_date('18/06/12','RR/MM/DD'),'N',0,151);
Insert into QNA (QNA_NO,CATD_NO,QNA_SEQ_NO,ACC_NO,QNA_FRONT_IMG,QNA_TITLE,QNA_CONTENT,QNA_CON_COUNT,QNA_REGDATE,QNA_RE_YN,QNA_VIEWCOUNT,QNA_PNO) values (152,14,1000,100,null,'테스트글 53','테스트글 53 내용',0,to_date('18/06/13','RR/MM/DD'),'N',0,152);
Insert into QNA (QNA_NO,CATD_NO,QNA_SEQ_NO,ACC_NO,QNA_FRONT_IMG,QNA_TITLE,QNA_CONTENT,QNA_CON_COUNT,QNA_REGDATE,QNA_RE_YN,QNA_VIEWCOUNT,QNA_PNO) values (153,14,1000,100,null,'테스트글 54','테스트글 54 내용',0,to_date('18/06/14','RR/MM/DD'),'N',0,153);
Insert into QNA (QNA_NO,CATD_NO,QNA_SEQ_NO,ACC_NO,QNA_FRONT_IMG,QNA_TITLE,QNA_CONTENT,QNA_CON_COUNT,QNA_REGDATE,QNA_RE_YN,QNA_VIEWCOUNT,QNA_PNO) values (154,14,1000,100,null,'테스트글 55','테스트글 55 내용',0,to_date('18/06/15','RR/MM/DD'),'N',0,154);
Insert into QNA (QNA_NO,CATD_NO,QNA_SEQ_NO,ACC_NO,QNA_FRONT_IMG,QNA_TITLE,QNA_CONTENT,QNA_CON_COUNT,QNA_REGDATE,QNA_RE_YN,QNA_VIEWCOUNT,QNA_PNO) values (155,14,1000,100,null,'테스트글 56','테스트글 56 내용',0,to_date('18/06/16','RR/MM/DD'),'N',0,155);
Insert into QNA (QNA_NO,CATD_NO,QNA_SEQ_NO,ACC_NO,QNA_FRONT_IMG,QNA_TITLE,QNA_CONTENT,QNA_CON_COUNT,QNA_REGDATE,QNA_RE_YN,QNA_VIEWCOUNT,QNA_PNO) values (156,14,1000,100,null,'테스트글 57','테스트글 57 내용',0,to_date('18/06/17','RR/MM/DD'),'N',0,156);
Insert into QNA (QNA_NO,CATD_NO,QNA_SEQ_NO,ACC_NO,QNA_FRONT_IMG,QNA_TITLE,QNA_CONTENT,QNA_CON_COUNT,QNA_REGDATE,QNA_RE_YN,QNA_VIEWCOUNT,QNA_PNO) values (157,14,1000,100,null,'테스트글 58','테스트글 58 내용',0,to_date('18/06/18','RR/MM/DD'),'N',0,157);
Insert into QNA (QNA_NO,CATD_NO,QNA_SEQ_NO,ACC_NO,QNA_FRONT_IMG,QNA_TITLE,QNA_CONTENT,QNA_CON_COUNT,QNA_REGDATE,QNA_RE_YN,QNA_VIEWCOUNT,QNA_PNO) values (158,14,1000,100,null,'테스트글 59','테스트글 59 내용',0,to_date('18/06/19','RR/MM/DD'),'N',0,158);
Insert into QNA (QNA_NO,CATD_NO,QNA_SEQ_NO,ACC_NO,QNA_FRONT_IMG,QNA_TITLE,QNA_CONTENT,QNA_CON_COUNT,QNA_REGDATE,QNA_RE_YN,QNA_VIEWCOUNT,QNA_PNO) values (159,14,1000,100,null,'테스트글 60','테스트글 60 내용',0,to_date('18/06/20','RR/MM/DD'),'N',0,159);
Insert into QNA (QNA_NO,CATD_NO,QNA_SEQ_NO,ACC_NO,QNA_FRONT_IMG,QNA_TITLE,QNA_CONTENT,QNA_CON_COUNT,QNA_REGDATE,QNA_RE_YN,QNA_VIEWCOUNT,QNA_PNO) values (160,14,1000,100,null,'테스트글 61','테스트글 61 내용',0,to_date('18/06/21','RR/MM/DD'),'N',0,160);
Insert into QNA (QNA_NO,CATD_NO,QNA_SEQ_NO,ACC_NO,QNA_FRONT_IMG,QNA_TITLE,QNA_CONTENT,QNA_CON_COUNT,QNA_REGDATE,QNA_RE_YN,QNA_VIEWCOUNT,QNA_PNO) values (161,14,1000,100,null,'테스트글 62','테스트글 62 내용',0,to_date('18/06/22','RR/MM/DD'),'N',0,161);
Insert into QNA (QNA_NO,CATD_NO,QNA_SEQ_NO,ACC_NO,QNA_FRONT_IMG,QNA_TITLE,QNA_CONTENT,QNA_CON_COUNT,QNA_REGDATE,QNA_RE_YN,QNA_VIEWCOUNT,QNA_PNO) values (162,14,1000,100,null,'테스트글 63','테스트글 63 내용',0,to_date('18/06/23','RR/MM/DD'),'N',0,162);
Insert into QNA (QNA_NO,CATD_NO,QNA_SEQ_NO,ACC_NO,QNA_FRONT_IMG,QNA_TITLE,QNA_CONTENT,QNA_CON_COUNT,QNA_REGDATE,QNA_RE_YN,QNA_VIEWCOUNT,QNA_PNO) values (163,14,1000,100,null,'테스트글 64','테스트글 64 내용',0,to_date('18/06/24','RR/MM/DD'),'N',0,163);
Insert into QNA (QNA_NO,CATD_NO,QNA_SEQ_NO,ACC_NO,QNA_FRONT_IMG,QNA_TITLE,QNA_CONTENT,QNA_CON_COUNT,QNA_REGDATE,QNA_RE_YN,QNA_VIEWCOUNT,QNA_PNO) values (164,14,1000,100,null,'테스트글 65','테스트글 65 내용',0,to_date('18/06/25','RR/MM/DD'),'N',0,164);
Insert into QNA (QNA_NO,CATD_NO,QNA_SEQ_NO,ACC_NO,QNA_FRONT_IMG,QNA_TITLE,QNA_CONTENT,QNA_CON_COUNT,QNA_REGDATE,QNA_RE_YN,QNA_VIEWCOUNT,QNA_PNO) values (165,14,1000,100,null,'테스트글 66','테스트글 66 내용',0,to_date('18/06/26','RR/MM/DD'),'N',0,165);
Insert into QNA (QNA_NO,CATD_NO,QNA_SEQ_NO,ACC_NO,QNA_FRONT_IMG,QNA_TITLE,QNA_CONTENT,QNA_CON_COUNT,QNA_REGDATE,QNA_RE_YN,QNA_VIEWCOUNT,QNA_PNO) values (166,14,1000,100,null,'테스트글 67','테스트글 67 내용',0,to_date('19/08/01','RR/MM/DD'),'N',0,166);
Insert into QNA (QNA_NO,CATD_NO,QNA_SEQ_NO,ACC_NO,QNA_FRONT_IMG,QNA_TITLE,QNA_CONTENT,QNA_CON_COUNT,QNA_REGDATE,QNA_RE_YN,QNA_VIEWCOUNT,QNA_PNO) values (167,14,1000,100,null,'테스트글 68','테스트글 68 내용',0,to_date('19/08/02','RR/MM/DD'),'N',0,167);
Insert into QNA (QNA_NO,CATD_NO,QNA_SEQ_NO,ACC_NO,QNA_FRONT_IMG,QNA_TITLE,QNA_CONTENT,QNA_CON_COUNT,QNA_REGDATE,QNA_RE_YN,QNA_VIEWCOUNT,QNA_PNO) values (168,14,1000,100,null,'테스트글 69','테스트글 69 내용',0,to_date('19/08/03','RR/MM/DD'),'N',0,168);
Insert into QNA (QNA_NO,CATD_NO,QNA_SEQ_NO,ACC_NO,QNA_FRONT_IMG,QNA_TITLE,QNA_CONTENT,QNA_CON_COUNT,QNA_REGDATE,QNA_RE_YN,QNA_VIEWCOUNT,QNA_PNO) values (169,14,1000,100,null,'테스트글 70','테스트글 70 내용',0,to_date('19/08/04','RR/MM/DD'),'N',0,169);
Insert into QNA (QNA_NO,CATD_NO,QNA_SEQ_NO,ACC_NO,QNA_FRONT_IMG,QNA_TITLE,QNA_CONTENT,QNA_CON_COUNT,QNA_REGDATE,QNA_RE_YN,QNA_VIEWCOUNT,QNA_PNO) values (170,14,1000,100,null,'테스트글 71','테스트글 71 내용',0,to_date('19/08/05','RR/MM/DD'),'N',0,170);
Insert into QNA (QNA_NO,CATD_NO,QNA_SEQ_NO,ACC_NO,QNA_FRONT_IMG,QNA_TITLE,QNA_CONTENT,QNA_CON_COUNT,QNA_REGDATE,QNA_RE_YN,QNA_VIEWCOUNT,QNA_PNO) values (171,14,1000,100,null,'테스트글 72','테스트글 72 내용',0,to_date('19/08/06','RR/MM/DD'),'N',0,171);
Insert into QNA (QNA_NO,CATD_NO,QNA_SEQ_NO,ACC_NO,QNA_FRONT_IMG,QNA_TITLE,QNA_CONTENT,QNA_CON_COUNT,QNA_REGDATE,QNA_RE_YN,QNA_VIEWCOUNT,QNA_PNO) values (172,14,1000,100,null,'테스트글 73','테스트글 73 내용',0,to_date('19/08/07','RR/MM/DD'),'N',0,172);
Insert into QNA (QNA_NO,CATD_NO,QNA_SEQ_NO,ACC_NO,QNA_FRONT_IMG,QNA_TITLE,QNA_CONTENT,QNA_CON_COUNT,QNA_REGDATE,QNA_RE_YN,QNA_VIEWCOUNT,QNA_PNO) values (173,14,1000,100,null,'테스트글 74','테스트글 74 내용',0,to_date('19/08/08','RR/MM/DD'),'N',0,173);
Insert into QNA (QNA_NO,CATD_NO,QNA_SEQ_NO,ACC_NO,QNA_FRONT_IMG,QNA_TITLE,QNA_CONTENT,QNA_CON_COUNT,QNA_REGDATE,QNA_RE_YN,QNA_VIEWCOUNT,QNA_PNO) values (174,14,1000,100,null,'테스트글 75','테스트글 75 내용',0,to_date('19/08/09','RR/MM/DD'),'N',0,174);
Insert into QNA (QNA_NO,CATD_NO,QNA_SEQ_NO,ACC_NO,QNA_FRONT_IMG,QNA_TITLE,QNA_CONTENT,QNA_CON_COUNT,QNA_REGDATE,QNA_RE_YN,QNA_VIEWCOUNT,QNA_PNO) values (175,14,1000,100,null,'테스트글 76','테스트글 76 내용',0,to_date('19/08/10','RR/MM/DD'),'N',0,175);
Insert into QNA (QNA_NO,CATD_NO,QNA_SEQ_NO,ACC_NO,QNA_FRONT_IMG,QNA_TITLE,QNA_CONTENT,QNA_CON_COUNT,QNA_REGDATE,QNA_RE_YN,QNA_VIEWCOUNT,QNA_PNO) values (176,14,1000,100,null,'배송문의합니다','안녕하세요~ 다른곳하고 틀리게 주문서 오늘 넣었는데 핸드폰 문자 메세지가 안오네요.<\n>원래 그런건가요? 그냥입금하면 되는건지요.',0,to_date('13/03/15','RR/MM/DD'),'N',0,176);
Insert into QNA (QNA_NO,CATD_NO,QNA_SEQ_NO,ACC_NO,QNA_FRONT_IMG,QNA_TITLE,QNA_CONTENT,QNA_CON_COUNT,QNA_REGDATE,QNA_RE_YN,QNA_VIEWCOUNT,QNA_PNO) values (177,14,1000,100,null,'배송기간','밀라노 가죽배색 트렌치베이지 66사이즈 오늘 주문하면 배송이 언제쯤 되나요? 토요일에 입어야하는 옷이라 금요일까지 받을수 있을까요?<\n>상품문의 게시판에서 이동되었습니다.',0,to_date('17/06/04','RR/MM/DD'),'N',0,177);
Insert into QNA (QNA_NO,CATD_NO,QNA_SEQ_NO,ACC_NO,QNA_FRONT_IMG,QNA_TITLE,QNA_CONTENT,QNA_CON_COUNT,QNA_REGDATE,QNA_RE_YN,QNA_VIEWCOUNT,QNA_PNO) values (178,14,1000,100,null,'배송료문의','안녕하세요.. 오전에 의류 2벌 구매후 지금 막 가디건을 추가 구매했는데 혹시 묶음 배송 가능한가요? 그리고 이런경우 배송료는 한번만 적용될수 있나요?? 번거롭게해드려 좌송합니다. ㅠ ㅠ',0,to_date('17/09/04','RR/MM/DD'),'N',0,178);
Insert into QNA (QNA_NO,CATD_NO,QNA_SEQ_NO,ACC_NO,QNA_FRONT_IMG,QNA_TITLE,QNA_CONTENT,QNA_CON_COUNT,QNA_REGDATE,QNA_RE_YN,QNA_VIEWCOUNT,QNA_PNO) values (179,14,1000,100,null,'배송','목요일날 제주도 가는데 수요일까지 받을수 있나요? 제주도가서 입으려고 했는데 너무 늦으면 집에 사람도 없고..내일까지 배송 좀 부탁드립니다.',0,to_date('18/04/04','RR/MM/DD'),'N',0,179);
Insert into QNA (QNA_NO,CATD_NO,QNA_SEQ_NO,ACC_NO,QNA_FRONT_IMG,QNA_TITLE,QNA_CONTENT,QNA_CON_COUNT,QNA_REGDATE,QNA_RE_YN,QNA_VIEWCOUNT,QNA_PNO) values (180,14,1000,100,null,'배송상황을 확인을 해보니 아직 물품 미등록이라고 하는데..','어제 연락을 드려서 부탁까지 했던 부분인데..
오늘 송장번호로 대한통운에 전화해서 확인을 해보았더니 아직 접수미등록으로 물품을 받지 못한 상황이라고 하더라구요..',0,to_date('18/05/20','RR/MM/DD'),'N',0,180);
Insert into QNA (QNA_NO,CATD_NO,QNA_SEQ_NO,ACC_NO,QNA_FRONT_IMG,QNA_TITLE,QNA_CONTENT,QNA_CON_COUNT,QNA_REGDATE,QNA_RE_YN,QNA_VIEWCOUNT,QNA_PNO) values (181,14,1000,100,null,'배송여..','배송이 지연된다면 언제 된다는건가요. ..
금요일 주문했는데... 정확히 알려주세요',0,to_date('17/04/04','RR/MM/DD'),'N',2,181);
Insert into QNA (QNA_NO,CATD_NO,QNA_SEQ_NO,ACC_NO,QNA_FRONT_IMG,QNA_TITLE,QNA_CONTENT,QNA_CON_COUNT,QNA_REGDATE,QNA_RE_YN,QNA_VIEWCOUNT,QNA_PNO) values (182,14,1000,100,null,'배송기간','밀라노 가죽배색 트렌치베이지 66사이즈 오늘 주문하면 배송이 언제쯤 되나요? 토요일에 입어야하는 옷이라 금요일까지 받을수 있을까요?',0,to_date('17/05/05','RR/MM/DD'),'N',0,182);
Insert into QNA (QNA_NO,CATD_NO,QNA_SEQ_NO,ACC_NO,QNA_FRONT_IMG,QNA_TITLE,QNA_CONTENT,QNA_CON_COUNT,QNA_REGDATE,QNA_RE_YN,QNA_VIEWCOUNT,QNA_PNO) values (183,15,1000,100,null,'반품 신청','안내글 예제> 신규 게시글을 작성시에는, 반드시 회원ID를 적어 주세요!<\n>전화 상담 시간이 지나 게시판에 남깁니다.<\n>세 가지 제품을 주문했는데, 이 스커트만은 제게 잘 안 맞아요 ㅡㅜ<\n>어쩔 수 없이 반품시키겠습니다.',0,to_date('14/05/09','RR/MM/DD'),'N',1,183);
Insert into QNA (QNA_NO,CATD_NO,QNA_SEQ_NO,ACC_NO,QNA_FRONT_IMG,QNA_TITLE,QNA_CONTENT,QNA_CON_COUNT,QNA_REGDATE,QNA_RE_YN,QNA_VIEWCOUNT,QNA_PNO) values (184,15,1000,100,null,'결제 취소한거','이번달에 결제 금액으로 나오던데 언제 취소되는 건가요? 지난 물품 구매는 왜 안보이나요? 확인을 해야 하는데 안되네요…',0,to_date('12/02/27','RR/MM/DD'),'N',0,184);
Insert into QNA (QNA_NO,CATD_NO,QNA_SEQ_NO,ACC_NO,QNA_FRONT_IMG,QNA_TITLE,QNA_CONTENT,QNA_CON_COUNT,QNA_REGDATE,QNA_RE_YN,QNA_VIEWCOUNT,QNA_PNO) values (185,15,1000,100,null,'반품신청','구 클릭앤퍼니 사이트에서 구매한 상품 오늘 받았습니다
반품하려 합니다 반품접수해주세요
제가 대한통운에 직접 반품신청해야하나요?',0,to_date('12/02/28','RR/MM/DD'),'N',1,185);
Insert into QNA (QNA_NO,CATD_NO,QNA_SEQ_NO,ACC_NO,QNA_FRONT_IMG,QNA_TITLE,QNA_CONTENT,QNA_CON_COUNT,QNA_REGDATE,QNA_RE_YN,QNA_VIEWCOUNT,QNA_PNO) values (186,15,1000,100,null,'오선지스트라이프 니트.. 옆구리오바로크된곳이 다~튿어져서왔습니다..','전화도않받구~~!!!!!왼쪽옆구리에 오바로크가 잘못되어서..뻥뚫렸구요..크게입으려고 사이즈 77~88로 샀었는데... 77이라고 붙어잇네요..사이즈는 77까지는 아닙니다~..암턴 확인해주시고. 연락꼭주세요..우선 보낼까도생각해봤지만... 확인이되야가능한거같으니까요~~~~',0,to_date('12/03/01','RR/MM/DD'),'N',3,186);
Insert into QNA (QNA_NO,CATD_NO,QNA_SEQ_NO,ACC_NO,QNA_FRONT_IMG,QNA_TITLE,QNA_CONTENT,QNA_CON_COUNT,QNA_REGDATE,QNA_RE_YN,QNA_VIEWCOUNT,QNA_PNO) values (187,15,1000,100,null,'제품 취소하고 싶어요','조보배, jewelbobae, 010-9271-7881, 20120303002508-45702710522맘에 들어서 주문하긴 했는데,좀 더 생각해봐야 할 것 같아서요.
죄송하지만 주문 및 결제 취소 처리 부탁 드립니다.수고하세요.',0,to_date('12/03/03','RR/MM/DD'),'N',1,187);
Insert into QNA (QNA_NO,CATD_NO,QNA_SEQ_NO,ACC_NO,QNA_FRONT_IMG,QNA_TITLE,QNA_CONTENT,QNA_CON_COUNT,QNA_REGDATE,QNA_RE_YN,QNA_VIEWCOUNT,QNA_PNO) values (188,15,1000,100,null,'불량이왔어요…','상품명 : op1954/안젤리카 플랫카라 원피스 (블루)입니다. 상품을 22일날 받았습니다. 송장번호에는 2.20일이라 고 적혀있지만 받은날은 22일인가 23일 입니다. 송장번호 655-1068-694 이고 그날 받아서 집에 예쁘게 걸어놓고 ',0,to_date('12/02/28','RR/MM/DD'),'N',1,188);
Insert into QNA (QNA_NO,CATD_NO,QNA_SEQ_NO,ACC_NO,QNA_FRONT_IMG,QNA_TITLE,QNA_CONTENT,QNA_CON_COUNT,QNA_REGDATE,QNA_RE_YN,QNA_VIEWCOUNT,QNA_PNO) values (189,15,1000,100,null,'품절 문자 받았습니다.','안녕하세요? 주문자 유지현입니다.
주문하고 입금까지 하였는데
뒤늦게 품절이라는 문자를 받아서 좀 황당했네요..
홈페이지 리뉴얼때문에 그랬던 거라 생각은 드네요.',0,to_date('12/02/02','RR/MM/DD'),'N',0,189);
Insert into QNA (QNA_NO,CATD_NO,QNA_SEQ_NO,ACC_NO,QNA_FRONT_IMG,QNA_TITLE,QNA_CONTENT,QNA_CON_COUNT,QNA_REGDATE,QNA_RE_YN,QNA_VIEWCOUNT,QNA_PNO) values (190,16,1000,100,null,'사이즈 문의','아이디 : lll1004<\n>바스트가 좀있는데 스판기가 있는 소재인가요?<\n>가슴둘레 80이라고 했는데 제가 84이거든요? 입을수있는지요??',0,to_date('12/03/01','RR/MM/DD'),'N',1,190);
Insert into QNA (QNA_NO,CATD_NO,QNA_SEQ_NO,ACC_NO,QNA_FRONT_IMG,QNA_TITLE,QNA_CONTENT,QNA_CON_COUNT,QNA_REGDATE,QNA_RE_YN,QNA_VIEWCOUNT,QNA_PNO) values (191,16,1000,100,null,'색상문의','안내글 예제> 신규 게시글을 작성시에는, 반드시 회원ID를 적어 주세요!<\n>상세이미지상의 색상이랑 선택에 있는 옵션이랑 달라요.<\n>잘못 등록된건가요?<\n>아님 옵션에 있는 색이 있는건가요?',0,to_date('12/04/19','RR/MM/DD'),'N',0,191);
Insert into QNA (QNA_NO,CATD_NO,QNA_SEQ_NO,ACC_NO,QNA_FRONT_IMG,QNA_TITLE,QNA_CONTENT,QNA_CON_COUNT,QNA_REGDATE,QNA_RE_YN,QNA_VIEWCOUNT,QNA_PNO) values (192,16,1000,100,null,'사이즈요~','아뒤는 wine2001326인데요 어떻게 옷들이 다 80을 안 넘나요?><\n>사고 싶어도 살수가 없네요 -.- 전 브랜드 옷은  55에서 66사이 입거든요',0,to_date('12/03/09','RR/MM/DD'),'N',2,192);
Insert into QNA (QNA_NO,CATD_NO,QNA_SEQ_NO,ACC_NO,QNA_FRONT_IMG,QNA_TITLE,QNA_CONTENT,QNA_CON_COUNT,QNA_REGDATE,QNA_RE_YN,QNA_VIEWCOUNT,QNA_PNO) values (193,16,1000,100,null,'코디된 남방 옐로우는 어디에?','아이디: qlcskfk3 /옐로우라도 사고 픈데 못찾겠어요~ㅠ',0,to_date('19/01/09','RR/MM/DD'),'N',8,193);
Insert into QNA (QNA_NO,CATD_NO,QNA_SEQ_NO,ACC_NO,QNA_FRONT_IMG,QNA_TITLE,QNA_CONTENT,QNA_CON_COUNT,QNA_REGDATE,QNA_RE_YN,QNA_VIEWCOUNT,QNA_PNO) values (194,16,1000,100,null,'코디문의','코디된 바지랑 크림색 니트 안에 있는 나시티는 어떤건가요?',0,to_date('19/04/15','RR/MM/DD'),'N',8,194);
Insert into QNA (QNA_NO,CATD_NO,QNA_SEQ_NO,ACC_NO,QNA_FRONT_IMG,QNA_TITLE,QNA_CONTENT,QNA_CON_COUNT,QNA_REGDATE,QNA_RE_YN,QNA_VIEWCOUNT,QNA_PNO) values (195,16,1000,100,null,'질문있습니다.','어떤 색상이 많이 판매되나요??보통 짙은계열 옷위에 할거면 검정색상이 나을것 같은데.. 이제 봄이고 앞으로 하기엔 아이보리 색상이 나을것 같아서 고민되어 질문합니다.',0,to_date('12/03/14','RR/MM/DD'),'N',13,195);
Insert into QNA (QNA_NO,CATD_NO,QNA_SEQ_NO,ACC_NO,QNA_FRONT_IMG,QNA_TITLE,QNA_CONTENT,QNA_CON_COUNT,QNA_REGDATE,QNA_RE_YN,QNA_VIEWCOUNT,QNA_PNO) values (196,16,1000,100,null,'193 답글 수정','193 답글 내용 수정',0,to_date('12/03/14','RR/MM/DD'),'Y',0,193);
Insert into QNA (QNA_NO,CATD_NO,QNA_SEQ_NO,ACC_NO,QNA_FRONT_IMG,QNA_TITLE,QNA_CONTENT,QNA_CON_COUNT,QNA_REGDATE,QNA_RE_YN,QNA_VIEWCOUNT,QNA_PNO) values (197,14,0,1,'RECOREProduct/product/110/f_img.png','수정해서문의해볼게욤','<p>수정해서문의합니다.<b>ㅇ..</b></p><p>ㅎ.ㅎ<span style="color: rgb(255, 0, 0);">.ㅎ.</span></p><p><br></p>
												',0,to_date('19/12/30','RR/MM/DD'),'N',45,197);
Insert into QNA (QNA_NO,CATD_NO,QNA_SEQ_NO,ACC_NO,QNA_FRONT_IMG,QNA_TITLE,QNA_CONTENT,QNA_CON_COUNT,QNA_REGDATE,QNA_RE_YN,QNA_VIEWCOUNT,QNA_PNO) values (198,16,1000,1,null,'답글테스트ㅍ','<p>답글입니다.</p><p>1</p><p>2</p><p>3</p><p>4</p><p>ㅍ</p>
												',0,to_date('19/12/30','RR/MM/DD'),'Y',0,195);
                                                
COMMIT;
ALTER TABLE ISSUE
	DROP
		CONSTRAINT FK_CATEGORY_DETAIL_TO_ISSUE
		CASCADE;

ALTER TABLE PRODUCT
	DROP
		CONSTRAINT FK_CATEGORY_DETAIL_TO_PRODUCT
		CASCADE;

ALTER TABLE ORDER_NUM
	DROP
		CONSTRAINT FK_ACCOUNT_TO_ORDER_NUM
		CASCADE;

ALTER TABLE F_PM
	DROP
		CONSTRAINT FK_FUNDING_TO_FPD
		CASCADE;

ALTER TABLE F_PM
	DROP
		CONSTRAINT FK_ACCOUNT_TO_FPD
		CASCADE;

ALTER TABLE CATEGORY_DETAIL
	DROP
		CONSTRAINT FK_CATEGORY_TO_CATEGORY_DETAIL
		CASCADE;

ALTER TABLE REVIEW
	DROP
		CONSTRAINT FK_PROD_ORDER_TO_REVIEW
		CASCADE;

ALTER TABLE P_PM
	DROP
		CONSTRAINT FK_ACCOUNT_TO_PPM
		CASCADE;

ALTER TABLE P_PM
	DROP
		CONSTRAINT FK_PROD_OPTION_TO_P_PM
		CASCADE;

ALTER TABLE WISH
	DROP
		CONSTRAINT FK_ACCOUNT_TO_WISH
		CASCADE;

ALTER TABLE WISH
	DROP
		CONSTRAINT FK_PRODUCT_TO_WISH
		CASCADE;

ALTER TABLE CART
	DROP
		CONSTRAINT FK_ACCOUNT_TO_CART
		CASCADE;

ALTER TABLE CART
	DROP
		CONSTRAINT FK_PROD_OPTION_TO_CART
		CASCADE;

ALTER TABLE PROD_ORDER
	DROP
		CONSTRAINT FK_ORDER_NUM_TO_PROD_ORDER
		CASCADE;

ALTER TABLE PROD_ORDER
	DROP
		CONSTRAINT FK_PROD_OPTION_TO_PROD_ORDER
		CASCADE;

ALTER TABLE PROD_OPTION
	DROP
		CONSTRAINT FK_PRODUCT_TO_PROD_OPTION
		CASCADE;

ALTER TABLE QNA
	DROP
		CONSTRAINT FK_CATEGORY_DETAIL_TO_QNA
		CASCADE;

ALTER TABLE QNA
	DROP
		CONSTRAINT FK_ACCOUNT_TO_QNA
		CASCADE;

ALTER TABLE ACCOUNT
	DROP
		CONSTRAINT CK_ACC_M_C
		CASCADE;

ALTER TABLE ACCOUNT
	DROP
		CONSTRAINT CK_ACC_ISREG
		CASCADE;

ALTER TABLE PRODUCT
	DROP
		CONSTRAINT CK_PROD_DC_YN
		CASCADE;

ALTER TABLE PRODUCT
	DROP
		CONSTRAINT CK_PROD_PRICE
		CASCADE;

ALTER TABLE FUNDING
	DROP
		CONSTRAINT CK_FUND_SOF
		CASCADE;

ALTER TABLE F_PM
	DROP
		CONSTRAINT CK_FPM_C_YN
		CASCADE;

ALTER TABLE CATEGORY_DETAIL
	DROP
		CONSTRAINT CK_CATD_YN
		CASCADE;

ALTER TABLE P_PM
	DROP
		CONSTRAINT CK_PPM_IO
		CASCADE;

ALTER TABLE PROD_OPTION
	DROP
		CONSTRAINT CK_PROD_STOCK
		CASCADE;

ALTER TABLE QNA
	DROP
		CONSTRAINT CK_QNA_RE_YN
		CASCADE;

ALTER TABLE ACCOUNT
	DROP
		UNIQUE (
			ACC_ID,
			ACC_PHONE
		)
		CASCADE
		KEEP INDEX;

ALTER TABLE PRODUCT
	DROP
		UNIQUE (
			PROD_NAME
		)
		CASCADE
		KEEP INDEX;

ALTER TABLE CATEGORY_DETAIL
	DROP
		UNIQUE (
			CATD_NAME
		)
		CASCADE
		KEEP INDEX;

ALTER TABLE CATEGORY
	DROP
		UNIQUE (
			CAT_NAME
		)
		CASCADE
		KEEP INDEX;

ALTER TABLE ACCOUNT
	DROP
		PRIMARY KEY
		CASCADE
		KEEP INDEX;

ALTER TABLE ISSUE
	DROP
		PRIMARY KEY
		CASCADE
		KEEP INDEX;

ALTER TABLE PRODUCT
	DROP
		PRIMARY KEY
		CASCADE
		KEEP INDEX;

ALTER TABLE FUNDING
	DROP
		PRIMARY KEY
		CASCADE
		KEEP INDEX;

ALTER TABLE ORDER_NUM
	DROP
		PRIMARY KEY
		CASCADE
		KEEP INDEX;

ALTER TABLE F_PM
	DROP
		PRIMARY KEY
		CASCADE
		KEEP INDEX;

ALTER TABLE CATEGORY_DETAIL
	DROP
		PRIMARY KEY
		CASCADE
		KEEP INDEX;

ALTER TABLE REVIEW
	DROP
		PRIMARY KEY
		CASCADE
		KEEP INDEX;

ALTER TABLE P_PM
	DROP
		PRIMARY KEY
		CASCADE
		KEEP INDEX;

ALTER TABLE WISH
	DROP
		PRIMARY KEY
		CASCADE
		KEEP INDEX;

ALTER TABLE CART
	DROP
		PRIMARY KEY
		CASCADE
		KEEP INDEX;

ALTER TABLE CATEGORY
	DROP
		PRIMARY KEY
		CASCADE
		KEEP INDEX;

ALTER TABLE PROD_ORDER
	DROP
		PRIMARY KEY
		CASCADE
		KEEP INDEX;

ALTER TABLE PROD_OPTION
	DROP
		PRIMARY KEY
		CASCADE
		KEEP INDEX;

ALTER TABLE QNA
	DROP
		PRIMARY KEY
		CASCADE
		KEEP INDEX;

/* ACCOUNT */
DROP TABLE ACCOUNT 
	CASCADE CONSTRAINTS;

/* ISSUE */
DROP TABLE ISSUE 
	CASCADE CONSTRAINTS;

/* PRODUCT */
DROP TABLE PRODUCT 
	CASCADE CONSTRAINTS;

/* FUNDING */
DROP TABLE FUNDING 
	CASCADE CONSTRAINTS;

/* ORDER_NUM */
DROP TABLE ORDER_NUM 
	CASCADE CONSTRAINTS;

/* FUNDING_PAYMENT_DETAIL */
DROP TABLE F_PM 
	CASCADE CONSTRAINTS;

/* CATEGORY_DETAIL */
DROP TABLE CATEGORY_DETAIL 
	CASCADE CONSTRAINTS;

/* REVIEW */
DROP TABLE REVIEW 
	CASCADE CONSTRAINTS;

/* PRODUCT_STOCK_PAYMENT */
DROP TABLE P_PM 
	CASCADE CONSTRAINTS;

/* WISH */
DROP TABLE WISH 
	CASCADE CONSTRAINTS;

/* CART */
DROP TABLE CART 
	CASCADE CONSTRAINTS;

/* CATEGORY */
DROP TABLE CATEGORY 
	CASCADE CONSTRAINTS;

/* PROD_ORDER */
DROP TABLE PROD_ORDER 
	CASCADE CONSTRAINTS;

/* PROD_OPTION */
DROP TABLE PROD_OPTION 
	CASCADE CONSTRAINTS;

/* QNA */
DROP TABLE QNA 
	CASCADE CONSTRAINTS;

/* 계정번호시퀀스 */
DROP SEQUENCE ACC_SEQ;

/* 이슈번호시퀀스 */
DROP SEQUENCE ISS_SEQ;

/* 상품번호시퀀스 */
DROP SEQUENCE PROD_SEQ;

/* 카테고리번호시퀀스 */
DROP SEQUENCE CATD_SEQ;

/* 펀딩번호시퀀스 */
DROP SEQUENCE FUND_SEQ;

/* 펀딩거래내역번호시퀀스 */
DROP SEQUENCE FPM_SEQ;

/* 상품입출력번호시퀀스 */
DROP SEQUENCE PPM_SEQ;

/* 장바구니번호시퀀스 */
DROP SEQUENCE CART_SEQ;

/* 주문번호시퀀스 */
DROP SEQUENCE ORDER_SEQ;

/* 리뷰번호시퀀스 */
DROP SEQUENCE REVIEW_SEQ;

/* 위시리스트번호시퀀스 */
DROP SEQUENCE WISH_SEQ;

/* 상품아이디시퀀스 */
DROP SEQUENCE PROD_ID_SEQ;

/* QNA글번호 시퀀스 */
DROP SEQUENCE QNA_SEQ;

/* 계정번호시퀀스 */
CREATE SEQUENCE ACC_SEQ 
	INCREMENT BY 1
	START WITH 500;

/* 이슈번호시퀀스 */
CREATE SEQUENCE ISS_SEQ 
	INCREMENT BY 1
	START WITH 600;

/* 상품번호시퀀스 */
CREATE SEQUENCE PROD_SEQ 
	INCREMENT BY 1
	START WITH 500;

/* 카테고리번호시퀀스 */
CREATE SEQUENCE CATD_SEQ 
	INCREMENT BY 1
	START WITH 100;

/* 펀딩번호시퀀스 */
CREATE SEQUENCE FUND_SEQ 
	INCREMENT BY 1
	START WITH 500;

/* 펀딩거래내역번호시퀀스 */
CREATE SEQUENCE FPM_SEQ 
	INCREMENT BY 1
	START WITH 100;

/* 상품입출력번호시퀀스 */
CREATE SEQUENCE PPM_SEQ 
	INCREMENT BY 1
	START WITH 1000;

/* 장바구니번호시퀀스 */
CREATE SEQUENCE CART_SEQ 
	INCREMENT BY 1
	START WITH 100;

/* 주문번호시퀀스 */
CREATE SEQUENCE ORDER_SEQ 
	INCREMENT BY 1
	START WITH 1000;

/* 리뷰번호시퀀스 */
CREATE SEQUENCE REVIEW_SEQ 
	INCREMENT BY 1
	START WITH 100;

/* 위시리스트번호시퀀스 */
CREATE SEQUENCE WISH_SEQ 
	INCREMENT BY 1
	START WITH 100;

/* 상품아이디시퀀스 */
CREATE SEQUENCE PROD_ID_SEQ 
	INCREMENT BY 1
	START WITH 2000;

/* QNA글번호 시퀀스 */
CREATE SEQUENCE QNA_SEQ 
	INCREMENT BY 1
	START WITH 500;

/* ACCOUNT */
CREATE TABLE ACCOUNT (
	ACC_NO NUMBER NOT NULL, /* 계정번호SEQ */
	ACC_ID VARCHAR2(100) NOT NULL, /* 아이디 */
	ACC_PW VARCHAR2(100) NOT NULL, /* 비밀번호 */
	ACC_NAME VARCHAR2(50) NOT NULL, /* 이름 */
	ACC_BIRTH VARCHAR2(8) NOT NULL, /* 생년월일 */
	ACC_EMAIL VARCHAR2(100) NOT NULL, /* 이메일 */
	ACC_PHONE VARCHAR2(20) NOT NULL, /* 핸드폰번호 */
	ACC_ZIPCODE VARCHAR2(10) NOT NULL, /* 우편번호 */
	ACC_ADDR VARCHAR2(500) NOT NULL, /* 주 주소 */
	ACC_ADDR2 VARCHAR2(500) NOT NULL, /* 상세 주소 */
	ACC_ISREG VARCHAR2(1) NOT NULL, /* 가입유무 */
	ACC_POINT NUMBER NOT NULL, /* 적립금 */
	ACC_M_C VARCHAR2(1) NOT NULL /* 관리자유무 */
);

ALTER TABLE ACCOUNT
	ADD
		CONSTRAINT PK_ACCOUNT
		PRIMARY KEY (
			ACC_NO
		);

ALTER TABLE ACCOUNT
	ADD
		CONSTRAINT UK_ACCOUNT
		UNIQUE (
			ACC_ID,
			ACC_PHONE
		);

ALTER TABLE ACCOUNT
	ADD
		CONSTRAINT CK_ACC_M_C
		CHECK (ACC_M_C IN('M','C'));

ALTER TABLE ACCOUNT
	ADD
		CONSTRAINT CK_ACC_ISREG
		CHECK (ACC_ISREG IN('Y','N'));

/* ISSUE */
CREATE TABLE ISSUE (
	ISS_NO NUMBER NOT NULL, /* 이슈번호SEQ */
	CATD_NO NUMBER NOT NULL, /* 카테고리번호SEQ */
	ISS_FRONT_IMG VARCHAR2(100) NOT NULL, /* 대표이미지 */
	ISS_TH_IMG VARCHAR2(100) NOT NULL, /* 썸네일 */
	ISS_TITLE VARCHAR2(500) NOT NULL, /* 제목 */
	ISS_WRITER VARCHAR2(100) NOT NULL, /* 작성자 */
	ISS_CONTENT VARCHAR2(4000) NOT NULL, /* 내용 */
	ISS_CON_COUNT NUMBER NOT NULL, /* 내용COUNT */
	ISS_REGDATE DATE NOT NULL, /* 작성날짜 */
	ISS_SOURCE VARCHAR2(1000) NOT NULL, /* 출처 */
	ISS_VIEWCOUNT NUMBER NOT NULL, /* 조회수 */
	ISS_NOTE VARCHAR2(4000) /* 주석 */
);

ALTER TABLE ISSUE
	ADD
		CONSTRAINT PK_ISSUE
		PRIMARY KEY (
			ISS_NO
		);

/* PRODUCT */
CREATE TABLE PRODUCT (
	PROD_NO NUMBER NOT NULL, /* 상품번호SEQ */
	CATD_NO NUMBER NOT NULL, /* 카테고리번호SEQ */
	PROD_FRONT_IMG VARCHAR2(100) NOT NULL, /* 대표이미지 */
	PROD_TH_IMG VARCHAR2(100) NOT NULL, /* 썸네일 */
	PROD_NAME VARCHAR2(500) NOT NULL, /* 상품명 */
	PROD_BRAND VARCHAR2(300) NOT NULL, /* 브랜드명 */
	PROD_PRICE NUMBER NOT NULL, /* 가격 */
	PROD_CONTENT VARCHAR2(4000) NOT NULL, /* 내용 */
	PROD_CON_COUNT NUMBER NOT NULL, /* 내용COUNT */
	PROD_DC_YN VARCHAR2(1) NOT NULL, /* 할인여부 */
	PROD_DC NUMBER NOT NULL, /* 할인율 */
	PROD_REGDATE DATE NOT NULL, /* 게시날짜 */
	PROD_NOTE VARCHAR2(4000) /* 주석 */
);

ALTER TABLE PRODUCT
	ADD
		CONSTRAINT PK_PRODUCT
		PRIMARY KEY (
			PROD_NO
		);

ALTER TABLE PRODUCT
	ADD
		CONSTRAINT UK_PRODUCT
		UNIQUE (
			PROD_NAME
		);

ALTER TABLE PRODUCT
	ADD
		CONSTRAINT CK_PROD_DC_YN
		CHECK (PROD_DC_YN IN ('Y','N'));

ALTER TABLE PRODUCT
	ADD
		CONSTRAINT CK_PROD_PRICE
		CHECK (PROD_PRICE >= 0);

/* FUNDING */
CREATE TABLE FUNDING (
	FUND_NO NUMBER NOT NULL, /* 펀딩번호SEQ */
	FUND_FRONT_IMG VARCHAR2(100) NOT NULL, /* 대표이미지 */
	FUND_TITLE VARCHAR2(500) NOT NULL, /* 제목 */
	FUND_CREATER VARCHAR2(300) NOT NULL, /* 작성자 */
	FUND_CONTENT VARCHAR2(4000) NOT NULL, /* 내용 */
	FUND_CON_COUNT NUMBER NOT NULL, /* 내용COUNT */
	FUND_TARGET_PRICE NUMBER NOT NULL, /* 목표금액 */
	FUND_REGDATE DATE NOT NULL, /* 게시날짜 */
	FUND_DEADLINE DATE NOT NULL, /* 마감기한 */
	FUND_SOF VARCHAR2(1) NOT NULL /* 펀딩성공여부 */
);

ALTER TABLE FUNDING
	ADD
		CONSTRAINT PK_FUNDING
		PRIMARY KEY (
			FUND_NO
		);

ALTER TABLE FUNDING
	ADD
		CONSTRAINT CK_FUND_SOF
		CHECK (FUND_SOF IN('S','F'));

/* ORDER_NUM */
CREATE TABLE ORDER_NUM (
	ORDER_NO NUMBER NOT NULL, /* 주문번호SEQ */
	ACC_NO NUMBER NOT NULL, /* 계정번호SEQ */
	ORDER_ZIPCODE VARCHAR2(10) NOT NULL, /* 우편번호 */
	ORDER_ADDR VARCHAR2(500) NOT NULL, /* 주 주소 */
	ORDER_ADDR2 VARCHAR2(500) NOT NULL, /* 세부 주소 */
	ORDER_DATE DATE NOT NULL, /* 날짜 */
	ORDER_POINT NUMBER NOT NULL /* 사용한적립금 */
);

ALTER TABLE ORDER_NUM
	ADD
		CONSTRAINT PK_ORDER_NUM
		PRIMARY KEY (
			ORDER_NO
		);

/* FUNDING_PAYMENT_DETAIL */
CREATE TABLE F_PM (
	FPM_NO NUMBER NOT NULL, /* 내역번호SEQ */
	FUND_NO NUMBER NOT NULL, /* 펀딩번호SEQ */
	ACC_NO NUMBER NOT NULL, /* 계정번호SEQ */
	FPM_PRICE NUMBER NOT NULL, /* 결제금액 */
	FPM_CARDNAME VARCHAR2(16) NOT NULL, /* 카드번호 */
	FPM_CARDPW VARCHAR2(4) NOT NULL, /* 카드비밀번호 */
	FPM_CARDVALID VARCHAR2(6) NOT NULL, /* 카드유효기간 */
	FPM_CARDCVC VARCHAR2(3) NOT NULL, /* 카드CVC번호 */
	FPM_C_YN VARCHAR2(1) NOT NULL /* 취소여부 */
);

ALTER TABLE F_PM
	ADD
		CONSTRAINT PK_F_PM
		PRIMARY KEY (
			FPM_NO
		);

ALTER TABLE F_PM
	ADD
		CONSTRAINT CK_FPM_C_YN
		CHECK (FPM_C_YN IN('Y','N'));

/* CATEGORY_DETAIL */
CREATE TABLE CATEGORY_DETAIL (
	CAT_ID NUMBER NOT NULL, /* 구분번호 */
	CATD_NO NUMBER NOT NULL, /* 카테고리번호SEQ */
	CATD_NAME VARCHAR2(100) NOT NULL, /* 세부카테고리명 */
	CATD_YN VARCHAR2(1) NOT NULL, /* 현재사용여부 */
	CATD_NOTE VARCHAR2(4000) /* 주석 */
);

ALTER TABLE CATEGORY_DETAIL
	ADD
		CONSTRAINT PK_CATEGORY_DETAIL
		PRIMARY KEY (
			CATD_NO
		);

ALTER TABLE CATEGORY_DETAIL
	ADD
		CONSTRAINT UK_CATEGORY_DETAIL
		UNIQUE (
			CATD_NAME
		);

ALTER TABLE CATEGORY_DETAIL
	ADD
		CONSTRAINT CK_CATD_YN
		CHECK (CATD_YN IN('Y','N'));

/* REVIEW */
CREATE TABLE REVIEW (
	ORDER_NO NUMBER NOT NULL, /* 주문번호SEQ */
	PROD_ID NUMBER NOT NULL, /* 상품아이디SEQ */
	REVIEW_TITLE VARCHAR2(500) NOT NULL, /* 제목 */
	REVIEW_CONTENT VARCHAR2(1000) NOT NULL, /* 내용 */
	REVIEW_RATING NUMBER NOT NULL, /* 평점 */
	REVIEW_REGDATE DATE NOT NULL /* 작성날짜 */
);

ALTER TABLE REVIEW
	ADD
		CONSTRAINT PK_REVIEW
		PRIMARY KEY (
			ORDER_NO,
			PROD_ID
		);

/* PRODUCT_STOCK_PAYMENT */
CREATE TABLE P_PM (
	PPM_NO NUMBER NOT NULL, /* 입출력번호SEQ */
	PROD_ID NUMBER NOT NULL, /* 상품아이디SEQ */
	ACC_NO NUMBER NOT NULL, /* 계정번호SEQ */
	PPM_IO VARCHAR2(1) NOT NULL, /* 입출력구분 */
	PPM_AMOUNT NUMBER NOT NULL, /* 수량 */
	PPM_DATE DATE NOT NULL, /* 날짜 */
	PPM_NOTE VARCHAR2(4000) /* 주석 */
);

ALTER TABLE P_PM
	ADD
		CONSTRAINT PK_P_PM
		PRIMARY KEY (
			PPM_NO
		);

ALTER TABLE P_PM
	ADD
		CONSTRAINT CK_PPM_IO
		CHECK (PPM_IO IN('I','O'));

/* WISH */
CREATE TABLE WISH (
	ACC_NO NUMBER NOT NULL, /* 계정번호SEQ */
	PROD_NO NUMBER NOT NULL /* 상품번호SEQ */
);

ALTER TABLE WISH
	ADD
		CONSTRAINT PK_WISH
		PRIMARY KEY (
			ACC_NO,
			PROD_NO
		);

/* CART */
CREATE TABLE CART (
	ACC_NO NUMBER NOT NULL, /* 계정번호SEQ */
	PROD_ID NUMBER NOT NULL, /* 상품아이디SEQ */
	CART_AMOUNT NUMBER NOT NULL /* 수량 */
);

ALTER TABLE CART
	ADD
		CONSTRAINT PK_CART
		PRIMARY KEY (
			ACC_NO,
			PROD_ID
		);

/* CATEGORY */
CREATE TABLE CATEGORY (
	CAT_ID NUMBER NOT NULL, /* 구분번호 */
	CAT_NAME VARCHAR2(100) NOT NULL /* 카테고리명 */
);

ALTER TABLE CATEGORY
	ADD
		CONSTRAINT PK_CATEGORY
		PRIMARY KEY (
			CAT_ID
		);

ALTER TABLE CATEGORY
	ADD
		CONSTRAINT UK_CATEGORY
		UNIQUE (
			CAT_NAME
		);

/* PROD_ORDER */
CREATE TABLE PROD_ORDER (
	ORDER_NO NUMBER NOT NULL, /* 주문번호SEQ */
	PROD_ID NUMBER NOT NULL, /* 상품아이디SEQ */
	ORDER_AMOUNT NUMBER NOT NULL, /* 수량 */
	ORDER_PRICE NUMBER NOT NULL, /* 금액 */
	ORDER_TNO VARCHAR2(1000) NOT NULL, /* 송장번호 */
	ORDER_STATUS VARCHAR2(100) NOT NULL /* 상태 */
);

ALTER TABLE PROD_ORDER
	ADD
		CONSTRAINT PK_PROD_ORDER
		PRIMARY KEY (
			ORDER_NO,
			PROD_ID
		);

/* PROD_OPTION */
CREATE TABLE PROD_OPTION (
	PROD_NO NUMBER NOT NULL, /* 상품번호SEQ */
	PROD_ID NUMBER NOT NULL, /* 상품아이디SEQ */
	PROD_COLOR VARCHAR2(100) NOT NULL, /* 색상 */
	PROD_SIZE VARCHAR2(50) NOT NULL, /* 사이즈 */
	PROD_STOCK NUMBER NOT NULL /* 재고 */
);

ALTER TABLE PROD_OPTION
	ADD
		CONSTRAINT PK_PROD_OPTION
		PRIMARY KEY (
			PROD_ID
		);

ALTER TABLE PROD_OPTION
	ADD
		CONSTRAINT CK_PROD_STOCK
		CHECK (PROD_STOCK >= 0);

/* QNA */
CREATE TABLE QNA (
	QNA_NO NUMBER NOT NULL, /* QNA글번호 */
	CATD_NO NUMBER NOT NULL, /* 카테고리번호SEQ */
	QNA_SEQ_NO NUMBER NOT NULL, /* 외부SEQ글번호 */
	ACC_NO NUMBER NOT NULL, /* 계정번호SEQ */
	QNA_FRONT_IMG VARCHAR2(100), /* 대표이미지 */
	QNA_TITLE VARCHAR2(100) NOT NULL, /* 제목 */
	QNA_CONTENT VARCHAR2(4000) NOT NULL, /* 내용 */
	QNA_CON_COUNT NUMBER NOT NULL, /* 내용COUNT */
	QNA_REGDATE DATE NOT NULL, /* 작성날짜 */
	QNA_RE_YN VARCHAR2(1) NOT NULL, /* 답글여부 */
	QNA_VIEWCOUNT NUMBER NOT NULL, /* 조회수 */
	QNA_PNO NUMBER /* 부모QNA글번호 */
);

ALTER TABLE QNA
	ADD
		CONSTRAINT PK_QNA
		PRIMARY KEY (
			QNA_NO
		);

ALTER TABLE QNA
	ADD
		CONSTRAINT CK_QNA_RE_YN
		CHECK (QNA_RE_YN IN('Y','N'));

ALTER TABLE ISSUE
	ADD
		CONSTRAINT FK_CATEGORY_DETAIL_TO_ISSUE
		FOREIGN KEY (
			CATD_NO
		)
		REFERENCES CATEGORY_DETAIL (
			CATD_NO
		);

ALTER TABLE PRODUCT
	ADD
		CONSTRAINT FK_CATEGORY_DETAIL_TO_PRODUCT
		FOREIGN KEY (
			CATD_NO
		)
		REFERENCES CATEGORY_DETAIL (
			CATD_NO
		);

ALTER TABLE ORDER_NUM
	ADD
		CONSTRAINT FK_ACCOUNT_TO_ORDER_NUM
		FOREIGN KEY (
			ACC_NO
		)
		REFERENCES ACCOUNT (
			ACC_NO
		);

ALTER TABLE F_PM
	ADD
		CONSTRAINT FK_FUNDING_TO_FPD
		FOREIGN KEY (
			FUND_NO
		)
		REFERENCES FUNDING (
			FUND_NO
		);

ALTER TABLE F_PM
	ADD
		CONSTRAINT FK_ACCOUNT_TO_FPD
		FOREIGN KEY (
			ACC_NO
		)
		REFERENCES ACCOUNT (
			ACC_NO
		);

ALTER TABLE CATEGORY_DETAIL
	ADD
		CONSTRAINT FK_CATEGORY_TO_CATEGORY_DETAIL
		FOREIGN KEY (
			CAT_ID
		)
		REFERENCES CATEGORY (
			CAT_ID
		);

ALTER TABLE REVIEW
	ADD
		CONSTRAINT FK_PROD_ORDER_TO_REVIEW
		FOREIGN KEY (
			ORDER_NO,
			PROD_ID
		)
		REFERENCES PROD_ORDER (
			ORDER_NO,
			PROD_ID
		);

ALTER TABLE P_PM
	ADD
		CONSTRAINT FK_ACCOUNT_TO_PPM
		FOREIGN KEY (
			ACC_NO
		)
		REFERENCES ACCOUNT (
			ACC_NO
		);

ALTER TABLE P_PM
	ADD
		CONSTRAINT FK_PROD_OPTION_TO_P_PM
		FOREIGN KEY (
			PROD_ID
		)
		REFERENCES PROD_OPTION (
			PROD_ID
		);

ALTER TABLE WISH
	ADD
		CONSTRAINT FK_ACCOUNT_TO_WISH
		FOREIGN KEY (
			ACC_NO
		)
		REFERENCES ACCOUNT (
			ACC_NO
		);

ALTER TABLE WISH
	ADD
		CONSTRAINT FK_PRODUCT_TO_WISH
		FOREIGN KEY (
			PROD_NO
		)
		REFERENCES PRODUCT (
			PROD_NO
		);

ALTER TABLE CART
	ADD
		CONSTRAINT FK_ACCOUNT_TO_CART
		FOREIGN KEY (
			ACC_NO
		)
		REFERENCES ACCOUNT (
			ACC_NO
		);

ALTER TABLE CART
	ADD
		CONSTRAINT FK_PROD_OPTION_TO_CART
		FOREIGN KEY (
			PROD_ID
		)
		REFERENCES PROD_OPTION (
			PROD_ID
		);

ALTER TABLE PROD_ORDER
	ADD
		CONSTRAINT FK_ORDER_NUM_TO_PROD_ORDER
		FOREIGN KEY (
			ORDER_NO
		)
		REFERENCES ORDER_NUM (
			ORDER_NO
		);

ALTER TABLE PROD_ORDER
	ADD
		CONSTRAINT FK_PROD_OPTION_TO_PROD_ORDER
		FOREIGN KEY (
			PROD_ID
		)
		REFERENCES PROD_OPTION (
			PROD_ID
		);

ALTER TABLE PROD_OPTION
	ADD
		CONSTRAINT FK_PRODUCT_TO_PROD_OPTION
		FOREIGN KEY (
			PROD_NO
		)
		REFERENCES PRODUCT (
			PROD_NO
		);

ALTER TABLE QNA
	ADD
		CONSTRAINT FK_CATEGORY_DETAIL_TO_QNA
		FOREIGN KEY (
			CATD_NO
		)
		REFERENCES CATEGORY_DETAIL (
			CATD_NO
		);

ALTER TABLE QNA
	ADD
		CONSTRAINT FK_ACCOUNT_TO_QNA
		FOREIGN KEY (
			ACC_NO
		)
		REFERENCES ACCOUNT (
			ACC_NO
		);

COMMIT;

--CATEGORY

Insert into CATEGORY (CAT_ID,CAT_NAME) values (1,'FUNDING');
Insert into CATEGORY (CAT_ID,CAT_NAME) values (2,'ISSUE');
Insert into CATEGORY (CAT_ID,CAT_NAME) values (3,'BAG/ACC');
Insert into CATEGORY (CAT_ID,CAT_NAME) values (4,'CLOTHS');
Insert into CATEGORY (CAT_ID,CAT_NAME) values (5,'WALLET');
Insert into CATEGORY (CAT_ID,CAT_NAME) values (6,'LIFE');
Insert into CATEGORY (CAT_ID,CAT_NAME) values (7,'QNA');
Insert into CATEGORY (CAT_ID,CAT_NAME) values (8,'REVIEW');



--CATEGORY_DETAIL
Insert into CATEGORY_DETAIL (CAT_ID,CATD_NO,CATD_NAME,CATD_YN,CATD_NOTE) values (1,1,'등록','Y','펀딩 등록');
Insert into CATEGORY_DETAIL (CAT_ID,CATD_NO,CATD_NAME,CATD_YN,CATD_NOTE) values (1,2,'조회','Y','펀딩 조회');
Insert into CATEGORY_DETAIL (CAT_ID,CATD_NO,CATD_NAME,CATD_YN,CATD_NOTE) values (1,3,'커뮤니티','Y','펀딩 커뮤니티');
Insert into CATEGORY_DETAIL (CAT_ID,CATD_NO,CATD_NAME,CATD_YN,CATD_NOTE) values (2,4,'NEWS','Y',null);
Insert into CATEGORY_DETAIL (CAT_ID,CATD_NO,CATD_NAME,CATD_YN,CATD_NOTE) values (2,5,'EXHIBITION','Y',null);
Insert into CATEGORY_DETAIL (CAT_ID,CATD_NO,CATD_NAME,CATD_YN,CATD_NOTE) values (3,6,'BAG/ACC','Y','상품 카테고리에 포함');
Insert into CATEGORY_DETAIL (CAT_ID,CATD_NO,CATD_NAME,CATD_YN,CATD_NOTE) values (4,7,'OUTER','Y','상품 카테고리에 포함');
Insert into CATEGORY_DETAIL (CAT_ID,CATD_NO,CATD_NAME,CATD_YN,CATD_NOTE) values (4,8,'TOP','Y','상품 카테고리에 포함');
Insert into CATEGORY_DETAIL (CAT_ID,CATD_NO,CATD_NAME,CATD_YN,CATD_NOTE) values (4,9,'BOTTOM','Y','상품 카테고리에 포함');
Insert into CATEGORY_DETAIL (CAT_ID,CATD_NO,CATD_NAME,CATD_YN,CATD_NOTE) values (5,10,'WALLET','Y','상품 카테고리에 포함');
Insert into CATEGORY_DETAIL (CAT_ID,CATD_NO,CATD_NAME,CATD_YN,CATD_NOTE) values (6,11,'OFFICE SUPPLY','Y','상품 카테고리에 포함');
Insert into CATEGORY_DETAIL (CAT_ID,CATD_NO,CATD_NAME,CATD_YN,CATD_NOTE) values (6,12,'HOME','Y','상품 카테고리에 포함');
Insert into CATEGORY_DETAIL (CAT_ID,CATD_NO,CATD_NAME,CATD_YN,CATD_NOTE) values (6,13,'FURNITURE','Y','상품 카테고리에 포함');
Insert into CATEGORY_DETAIL (CAT_ID,CATD_NO,CATD_NAME,CATD_YN,CATD_NOTE) values (7,14,'배송문의','Y',null);
Insert into CATEGORY_DETAIL (CAT_ID,CATD_NO,CATD_NAME,CATD_YN,CATD_NOTE) values (7,15,'취소/교환/환불문의','Y',null);
Insert into CATEGORY_DETAIL (CAT_ID,CATD_NO,CATD_NAME,CATD_YN,CATD_NOTE) values (7,16,'상품문의','Y',null);



--ACCOUNT

Insert into ACCOUNT (ACC_NO,ACC_ID,ACC_PW,ACC_NAME,ACC_BIRTH,ACC_EMAIL,ACC_PHONE,ACC_ZIPCODE,ACC_ADDR,ACC_ADDR2,ACC_ISREG,ACC_POINT,ACC_M_C) values (1,'m1','321321','독고수지','20000719','m1@naver.com','010-1234-5678','06220','서울특별시 강남구 역삼동 717','한국은행 강남본부','Y',300000,'M');
Insert into ACCOUNT (ACC_NO,ACC_ID,ACC_PW,ACC_NAME,ACC_BIRTH,ACC_EMAIL,ACC_PHONE,ACC_ZIPCODE,ACC_ADDR,ACC_ADDR2,ACC_ISREG,ACC_POINT,ACC_M_C) values (100,'user1','user1','최김박','19991212','user@naver.com','010-1231-1231','06220','서울특별시 강남구 역삼동 717','한국은행 강남본부','Y',0,'C');



-- ISSUE

Insert into ISSUE (ISS_NO,CATD_NO,ISS_FRONT_IMG,ISS_TH_IMG,ISS_TITLE,ISS_WRITER,ISS_CONTENT,ISS_CON_COUNT,ISS_REGDATE,ISS_SOURCE,ISS_VIEWCOUNT,ISS_NOTE) values (100,4,'ISS_100_F_IMG','ISS_100_TH_IMG','쓰레기를 줄이는 친환경 플라스틱 패키지','한화케미칼 블로거','ISS_100_CON',1,to_date('19/11/17','RR/MM/DD'),'세계일보',0,'http://www.segye.com/newsView/20191114516601?OutUrl=naver');
Insert into ISSUE (ISS_NO,CATD_NO,ISS_FRONT_IMG,ISS_TH_IMG,ISS_TITLE,ISS_WRITER,ISS_CONTENT,ISS_CON_COUNT,ISS_REGDATE,ISS_SOURCE,ISS_VIEWCOUNT,ISS_NOTE) values (101,4,'ISS_101_F_IMG','ISS_101_TH_IMG','밀레니얼의 ‘친환경 라이프스타일’... 패션업계 변화 이끌어','김형수 기자','ISS_101_CON',1,to_date('19/08/26','RR/MM/DD'),'그린포스트코리아',0,'http://www.greenpostkorea.co.kr/news/articleView.html?idxno=108358');
Insert into ISSUE (ISS_NO,CATD_NO,ISS_FRONT_IMG,ISS_TH_IMG,ISS_TITLE,ISS_WRITER,ISS_CONTENT,ISS_CON_COUNT,ISS_REGDATE,ISS_SOURCE,ISS_VIEWCOUNT,ISS_NOTE) values (102,4,'ISS_102_F_IMG','ISS_102_TH_IMG','‘친환경  소재 개발 급증','곽선미 기자','ISS_102_CON',1,to_date('19/10/06','RR/MM/DD'),'Fashionbiz',0,'http://www.fashionbiz.co.kr/RE/?cate=2=2=174577');
Insert into ISSUE (ISS_NO,CATD_NO,ISS_FRONT_IMG,ISS_TH_IMG,ISS_TITLE,ISS_WRITER,ISS_CONTENT,ISS_CON_COUNT,ISS_REGDATE,ISS_SOURCE,ISS_VIEWCOUNT,ISS_NOTE) values (103,4,'ISS_103_F_IMG','ISS_103_TH_IMG','업사이클링 브랜드 ‘오운유(OWN-U)’, 기업봉사활동 지원','이영두 기자','ISS_103_CON',1,to_date('19/09/19','RR/MM/DD'),'일간투데이',0,'http://www.dtoday.co.kr/news/articleView.html?idxno=328725');
Insert into ISSUE (ISS_NO,CATD_NO,ISS_FRONT_IMG,ISS_TH_IMG,ISS_TITLE,ISS_WRITER,ISS_CONTENT,ISS_CON_COUNT,ISS_REGDATE,ISS_SOURCE,ISS_VIEWCOUNT,ISS_NOTE) values (104,4,'ISS_104_F_IMG','ISS_104_TH_IMG','소비자, 친환경 제품 관심 ↑... 패션계 必 환경 아이디어 쏙쏙','홍미경 기자','ISS_104_CON',2,to_date('19/10/23','RR/MM/DD'),'농업경제신문',0,'http://cnews.thekpm.com/view.php?ud=201910230954281969124506bdf1_17');
Insert into ISSUE (ISS_NO,CATD_NO,ISS_FRONT_IMG,ISS_TH_IMG,ISS_TITLE,ISS_WRITER,ISS_CONTENT,ISS_CON_COUNT,ISS_REGDATE,ISS_SOURCE,ISS_VIEWCOUNT,ISS_NOTE) values (105,4,'ISS_105_F_IMG','ISS_105_TH_IMG','지구를 지키는 친환경 패션, 옷·가방·신발·속옷까지 ‘에코 아이템’ 주목','권연수 기자','ISS_105_CON',1,to_date('19/09/27','RR/MM/DD'),'디지틀조선일보',0,'http://digitalchosun.dizzo.com/site/data/html_dir/2019/09/27/2019092780062.html');
Insert into ISSUE (ISS_NO,CATD_NO,ISS_FRONT_IMG,ISS_TH_IMG,ISS_TITLE,ISS_WRITER,ISS_CONTENT,ISS_CON_COUNT,ISS_REGDATE,ISS_SOURCE,ISS_VIEWCOUNT,ISS_NOTE) values (106,4,'ISS_106_F_IMG','ISS_106_TH_IMG','지구를 사랑하는 방법','에디터 김용현','ISS_106_CON',1,to_date('16/03/22','RR/MM/DD'),'싱글즈',0,'http://www.thesingle.co.kr/SinglesMobile/mobileweb/news_content/detail_news_content.do?fmc_no=599680=599696=610910=singlelife');
Insert into ISSUE (ISS_NO,CATD_NO,ISS_FRONT_IMG,ISS_TH_IMG,ISS_TITLE,ISS_WRITER,ISS_CONTENT,ISS_CON_COUNT,ISS_REGDATE,ISS_SOURCE,ISS_VIEWCOUNT,ISS_NOTE) values (107,4,'ISS_107_F_IMG','ISS_107_TH_IMG','폐품을 명품으로… 패션계는 ‘업사이클링’ 바람','박민식 기자','ISS_107_CON',1,to_date('17/07/05','RR/MM/DD'),'한국일보',0,'https://www.hankookilbo.com/News/Read/201707051494213347');
Insert into ISSUE (ISS_NO,CATD_NO,ISS_FRONT_IMG,ISS_TH_IMG,ISS_TITLE,ISS_WRITER,ISS_CONTENT,ISS_CON_COUNT,ISS_REGDATE,ISS_SOURCE,ISS_VIEWCOUNT,ISS_NOTE) values (108,4,'ISS_108_F_IMG','ISS_108_TH_IMG','“업사이클링 아세요?”…패션 잇템으로 변신한 쓰레기','최유희 기자','ISS_108_CON',1,to_date('18/07/22','RR/MM/DD'),'이뉴스투데이',0,'http://www.enewstoday.co.kr/news/articleView.html?idxno=1214342');
Insert into ISSUE (ISS_NO,CATD_NO,ISS_FRONT_IMG,ISS_TH_IMG,ISS_TITLE,ISS_WRITER,ISS_CONTENT,ISS_CON_COUNT,ISS_REGDATE,ISS_SOURCE,ISS_VIEWCOUNT,ISS_NOTE) values (109,4,'ISS_109_F_IMG','ISS_109_TH_IMG','플라스틱을 대체할 특허상품, 뭐가 있을까?','이연규 기자','ISS_109_CON',1,to_date('19/06/27','RR/MM/DD'),'특허청',0,'https://blog.naver.com/PostView.nhn?blogId=kipoworld2=221570531626=https%3A%2F%2Fblog.naver.com%2Fkipoworld2%2F221570531626');
Insert into ISSUE (ISS_NO,CATD_NO,ISS_FRONT_IMG,ISS_TH_IMG,ISS_TITLE,ISS_WRITER,ISS_CONTENT,ISS_CON_COUNT,ISS_REGDATE,ISS_SOURCE,ISS_VIEWCOUNT,ISS_NOTE) values (110,4,'ISS_110_F_IMG','ISS_110_TH_IMG','업사이클링 브랜드 ''래코드'' 유럽 진출 시동','패션인사이트','ISS_110_CON',1,to_date('19/09/17','RR/MM/DD'),'패션인사이트',0,'https://m.post.naver.com/viewer/postView.nhn?volumeNo=25307713=15229762=VERTICAL');
Insert into ISSUE (ISS_NO,CATD_NO,ISS_FRONT_IMG,ISS_TH_IMG,ISS_TITLE,ISS_WRITER,ISS_CONTENT,ISS_CON_COUNT,ISS_REGDATE,ISS_SOURCE,ISS_VIEWCOUNT,ISS_NOTE) values (111,4,'ISS_111_F_IMG','ISS_111_TH_IMG','신세계면세점, ‘KEEP IT GREEN’ 업사이클링 캠페인','강민경 기자','ISS_111_CON',1,to_date('19/12/18','RR/MM/DD'),'인사이트코리아',0,'http://www.insightkorea.co.kr//news/articleView.html?idxno=71853');
Insert into ISSUE (ISS_NO,CATD_NO,ISS_FRONT_IMG,ISS_TH_IMG,ISS_TITLE,ISS_WRITER,ISS_CONTENT,ISS_CON_COUNT,ISS_REGDATE,ISS_SOURCE,ISS_VIEWCOUNT,ISS_NOTE) values (112,4,'ISS_112_F_IMG','ISS_112_TH_IMG','서울디자인페스티벌, “10만 명 다녀갔다”','서범석 기자','ISS_112_CON',1,to_date('19/12/18','RR/MM/DD'),'나무신문',0,'http://www.imwood.co.kr/news/articleView.html?idxno=23839');
Insert into ISSUE (ISS_NO,CATD_NO,ISS_FRONT_IMG,ISS_TH_IMG,ISS_TITLE,ISS_WRITER,ISS_CONTENT,ISS_CON_COUNT,ISS_REGDATE,ISS_SOURCE,ISS_VIEWCOUNT,ISS_NOTE) values (113,4,'ISS_113_F_IMG','ISS_113_TH_IMG','현기훈 작가, 업사이클링 가구전 ‘파란만장’ 열어','고시연 기자','ISS_113_CON',1,to_date('19/12/12','RR/MM/DD'),'제주일보',0,'http://www.jejunews.com/news/articleView.html?idxno=2152591');
Insert into ISSUE (ISS_NO,CATD_NO,ISS_FRONT_IMG,ISS_TH_IMG,ISS_TITLE,ISS_WRITER,ISS_CONTENT,ISS_CON_COUNT,ISS_REGDATE,ISS_SOURCE,ISS_VIEWCOUNT,ISS_NOTE) values (114,4,'ISS_114_F_IMG','ISS_114_TH_IMG','알토란연구소 ‘사무용 폐지의 업사이클링 시스템 및 재생장치’ 개발 본격','김상민 기자','ISS_114_CON',1,to_date('19/12/06','RR/MM/DD'),'미래한국',0,'http://www.futurekorea.co.kr/news/articleView.html?idxno=124260');
Insert into ISSUE (ISS_NO,CATD_NO,ISS_FRONT_IMG,ISS_TH_IMG,ISS_TITLE,ISS_WRITER,ISS_CONTENT,ISS_CON_COUNT,ISS_REGDATE,ISS_SOURCE,ISS_VIEWCOUNT,ISS_NOTE) values (115,4,'ISS_115_F_IMG','ISS_115_TH_IMG','“해양쓰레기로 업사이클링 한다고?”','송철호 기자','ISS_115_CON',1,to_date('19/11/13','RR/MM/DD'),'그린포스트코리아',0,'http://www.greenpostkorea.co.kr/news/articleView.html?idxno=111091');
Insert into ISSUE (ISS_NO,CATD_NO,ISS_FRONT_IMG,ISS_TH_IMG,ISS_TITLE,ISS_WRITER,ISS_CONTENT,ISS_CON_COUNT,ISS_REGDATE,ISS_SOURCE,ISS_VIEWCOUNT,ISS_NOTE) values (116,5,'ISS_116_F_IMG','ISS_116_TH_IMG','재재 업사이클링 프로젝트','석주사진관','ISS_116_CON',2,to_date('19/12/18','RR/MM/DD'),'석주사진관 공식 홈페이지',0,'http://www.seokjustudio.com/jeje/jeje.html');
Insert into ISSUE (ISS_NO,CATD_NO,ISS_FRONT_IMG,ISS_TH_IMG,ISS_TITLE,ISS_WRITER,ISS_CONTENT,ISS_CON_COUNT,ISS_REGDATE,ISS_SOURCE,ISS_VIEWCOUNT,ISS_NOTE) values (117,5,'ISS_117_F_IMG','ISS_117_TH_IMG','Nukak _Everybody deserves a second chance','Nukak','ISS_117_CON',1,to_date('19/12/18','RR/MM/DD'),'Nukak 공식 홈페이지',0,'http://nukak.kr/index.html');
Insert into ISSUE (ISS_NO,CATD_NO,ISS_FRONT_IMG,ISS_TH_IMG,ISS_TITLE,ISS_WRITER,ISS_CONTENT,ISS_CON_COUNT,ISS_REGDATE,ISS_SOURCE,ISS_VIEWCOUNT,ISS_NOTE) values (118,5,'ISS_118_F_IMG','ISS_118_TH_IMG','삼성증권 X GLOBAL TOGETHER X OWN U 참새가족 장바구니','Own u','ISS_118_CON',1,to_date('19/12/19','RR/MM/DD'),'Own u 공식홈페이지',0,'http://www.ownu.co.kr/board/group/read.html?no=1676=18#none');
Insert into ISSUE (ISS_NO,CATD_NO,ISS_FRONT_IMG,ISS_TH_IMG,ISS_TITLE,ISS_WRITER,ISS_CONTENT,ISS_CON_COUNT,ISS_REGDATE,ISS_SOURCE,ISS_VIEWCOUNT,ISS_NOTE) values (119,5,'ISS_119_F_IMG','ISS_119_TH_IMG','Heartist X OWN U 하티스트 컵 홀더','Own u','ISS_119_CON',1,to_date('19/12/19','RR/MM/DD'),'Own u 공식홈페이지',0,'http://www.ownu.co.kr/board/group/read.html?no=1677=18');
Insert into ISSUE (ISS_NO,CATD_NO,ISS_FRONT_IMG,ISS_TH_IMG,ISS_TITLE,ISS_WRITER,ISS_CONTENT,ISS_CON_COUNT,ISS_REGDATE,ISS_SOURCE,ISS_VIEWCOUNT,ISS_NOTE) values (120,5,'ISS_120_F_IMG','ISS_120_TH_IMG','자연을 잊은 그대에게 착한기업 CORCO 이야기','CORCO','ISS_120_CON',1,to_date('19/12/20','RR/MM/DD'),'CORCO 공식 홈페이지',0,'https://smartstore.naver.com/corkart');
Insert into ISSUE (ISS_NO,CATD_NO,ISS_FRONT_IMG,ISS_TH_IMG,ISS_TITLE,ISS_WRITER,ISS_CONTENT,ISS_CON_COUNT,ISS_REGDATE,ISS_SOURCE,ISS_VIEWCOUNT,ISS_NOTE) values (121,5,'ISS_121_F_IMG','ISS_121_TH_IMG','리-컬렉션(Re-collection) 개인 맞춤 업사이클링 서비스','RECODE','ISS_121_CON',1,to_date('19/12/30','RR/MM/DD'),'RECODE 공식 홈페이지',0,'https://www.re-code.co.kr/contents/design?id=6');





--FUNDING

Insert into FUNDING (FUND_NO,FUND_FRONT_IMG,FUND_TITLE,FUND_CREATER,FUND_CONTENT,FUND_CON_COUNT,FUND_TARGET_PRICE,FUND_REGDATE,FUND_DEADLINE,FUND_SOF) values (100,'FUND_100_F_IMG','세척 후 재사용 가능! 친환경 소재의 스탠딩 멀티 지퍼팩 ','아트패드','FUND_100_CON',1,1000000,to_date('19/12/19','RR/MM/DD'),to_date('20/01/10','RR/MM/DD'),'F');
Insert into FUNDING (FUND_NO,FUND_FRONT_IMG,FUND_TITLE,FUND_CREATER,FUND_CONTENT,FUND_CON_COUNT,FUND_TARGET_PRICE,FUND_REGDATE,FUND_DEADLINE,FUND_SOF) values (101,'FUND_101_F_IMG','위생/보관/인테리어를 한 번에! 친환경 4단 원목 접이식 매트리스 프레임 ','(주)하우스미디어','FUND_101_CON',1,2000000,to_date('19/12/20','RR/MM/DD'),to_date('20/01/11','RR/MM/DD'),'F');
Insert into FUNDING (FUND_NO,FUND_FRONT_IMG,FUND_TITLE,FUND_CREATER,FUND_CONTENT,FUND_CON_COUNT,FUND_TARGET_PRICE,FUND_REGDATE,FUND_DEADLINE,FUND_SOF) values (102,'FUND_102_F_IMG','[NO 플라스틱] 캐나다,유럽에서 핫한 친환경 폰케이스, 한국에 상륙하다','플라이맥스','FUND_102_CON',1,3000000,to_date('19/12/21','RR/MM/DD'),to_date('20/01/12','RR/MM/DD'),'F');
Insert into FUNDING (FUND_NO,FUND_FRONT_IMG,FUND_TITLE,FUND_CREATER,FUND_CONTENT,FUND_CON_COUNT,FUND_TARGET_PRICE,FUND_REGDATE,FUND_DEADLINE,FUND_SOF) values (103,'FUND_103_F_IMG','샴푸 5병 = 1 고체샴푸바, 환경과 두피를 모두 살리는 고 그린 헤어!','(주)아렌시아','FUND_103_CON',1,4000000,to_date('19/12/22','RR/MM/DD'),to_date('20/01/13','RR/MM/DD'),'F');
Insert into FUNDING (FUND_NO,FUND_FRONT_IMG,FUND_TITLE,FUND_CREATER,FUND_CONTENT,FUND_CON_COUNT,FUND_TARGET_PRICE,FUND_REGDATE,FUND_DEADLINE,FUND_SOF) values (104,'FUND_104_F_IMG','마시는 즐거움: 에코 도자기 텀블러(ECO-ceramic tumbler)','장재녕','FUND_104_CON',1,5000000,to_date('19/12/23','RR/MM/DD'),to_date('20/01/14','RR/MM/DD'),'F');
Insert into FUNDING (FUND_NO,FUND_FRONT_IMG,FUND_TITLE,FUND_CREATER,FUND_CONTENT,FUND_CON_COUNT,FUND_TARGET_PRICE,FUND_REGDATE,FUND_DEADLINE,FUND_SOF) values (105,'FUND_105_F_IMG','수건의 맨 얼굴, 먼지 없는 친환경 광목수건','씨에이치오 (cho)','FUND_105_CON',1,6000000,to_date('19/12/24','RR/MM/DD'),to_date('20/01/15','RR/MM/DD'),'F');
Insert into FUNDING (FUND_NO,FUND_FRONT_IMG,FUND_TITLE,FUND_CREATER,FUND_CONTENT,FUND_CON_COUNT,FUND_TARGET_PRICE,FUND_REGDATE,FUND_DEADLINE,FUND_SOF) values (106,'FUND_106_F_IMG','플라스틱 해양쓰레기, 아프리카 예술품으로 재탄생하다![오션솔]','쏘쿨아프리카','FUND_106_CON',1,7000000,to_date('19/12/25','RR/MM/DD'),to_date('20/01/16','RR/MM/DD'),'F');
Insert into FUNDING (FUND_NO,FUND_FRONT_IMG,FUND_TITLE,FUND_CREATER,FUND_CONTENT,FUND_CON_COUNT,FUND_TARGET_PRICE,FUND_REGDATE,FUND_DEADLINE,FUND_SOF) values (107,'FUND_107_F_IMG','건강과 환경을 위한 은식기 ''순은 빨대'' ','Derren Tech','FUND_107_CON',1,8000000,to_date('19/12/26','RR/MM/DD'),to_date('20/01/17','RR/MM/DD'),'F');
Insert into FUNDING (FUND_NO,FUND_FRONT_IMG,FUND_TITLE,FUND_CREATER,FUND_CONTENT,FUND_CON_COUNT,FUND_TARGET_PRICE,FUND_REGDATE,FUND_DEADLINE,FUND_SOF) values (108,'FUND_108_F_IMG','파인애플 가죽으로 만든 친환경 데일리 백 ','사만사타바사/한국에스티엘','FUND_108_CON',1,9000000,to_date('19/12/27','RR/MM/DD'),to_date('20/01/18','RR/MM/DD'),'F');
Insert into FUNDING (FUND_NO,FUND_FRONT_IMG,FUND_TITLE,FUND_CREATER,FUND_CONTENT,FUND_CON_COUNT,FUND_TARGET_PRICE,FUND_REGDATE,FUND_DEADLINE,FUND_SOF) values (109,'FUND_109_F_IMG','[7차펀딩] 친환경 데일리 스니커즈 [EARTH]','주식회사 엘에이알','FUND_109_CON',1,10000000,to_date('19/12/28','RR/MM/DD'),to_date('20/01/19','RR/MM/DD'),'F');
Insert into FUNDING (FUND_NO,FUND_FRONT_IMG,FUND_TITLE,FUND_CREATER,FUND_CONTENT,FUND_CON_COUNT,FUND_TARGET_PRICE,FUND_REGDATE,FUND_DEADLINE,FUND_SOF) values (110,'FUND_110_F_IMG','지구를 살리는 친환경 마크 : 친환경섬유향수 300ml 대용량','(주)라이트앤워시','FUND_110_CON',1,11000000,to_date('19/12/29','RR/MM/DD'),to_date('20/01/20','RR/MM/DD'),'F');
Insert into FUNDING (FUND_NO,FUND_FRONT_IMG,FUND_TITLE,FUND_CREATER,FUND_CONTENT,FUND_CON_COUNT,FUND_TARGET_PRICE,FUND_REGDATE,FUND_DEADLINE,FUND_SOF) values (111,'FUND_111_F_IMG','바다를 살리는 친환경 수영복 DONOBLUE eco swimwear ','DONOBLUE','FUND_111_CON',1,12000000,to_date('19/12/30','RR/MM/DD'),to_date('20/01/21','RR/MM/DD'),'F');
Insert into FUNDING (FUND_NO,FUND_FRONT_IMG,FUND_TITLE,FUND_CREATER,FUND_CONTENT,FUND_CON_COUNT,FUND_TARGET_PRICE,FUND_REGDATE,FUND_DEADLINE,FUND_SOF) values (112,'FUND_112_F_IMG','기술과 아날로그의 조화, 친환경 소재와 나무로 만든 자연을 품은 이어폰','(주)맥스컴코리아','FUND_112_CON',1,13000000,to_date('19/12/31','RR/MM/DD'),to_date('20/01/22','RR/MM/DD'),'F');
Insert into FUNDING (FUND_NO,FUND_FRONT_IMG,FUND_TITLE,FUND_CREATER,FUND_CONTENT,FUND_CON_COUNT,FUND_TARGET_PRICE,FUND_REGDATE,FUND_DEADLINE,FUND_SOF) values (113,'FUND_113_F_IMG','밥스 친환경 스판프리미엄진 스타일을 넘어 멋스러움을 추구하다!!','페레나이도','FUND_113_CON',1,14000000,to_date('20/01/01','RR/MM/DD'),to_date('20/01/23','RR/MM/DD'),'F');
Insert into FUNDING (FUND_NO,FUND_FRONT_IMG,FUND_TITLE,FUND_CREATER,FUND_CONTENT,FUND_CON_COUNT,FUND_TARGET_PRICE,FUND_REGDATE,FUND_DEADLINE,FUND_SOF) values (114,'FUND_114_F_IMG','디자인까지 생각한 환경을 위한 에코콘브러쉬','DOGO','FUND_114_CON',1,15000000,to_date('20/01/02','RR/MM/DD'),to_date('20/01/24','RR/MM/DD'),'F');
Insert into FUNDING (FUND_NO,FUND_FRONT_IMG,FUND_TITLE,FUND_CREATER,FUND_CONTENT,FUND_CON_COUNT,FUND_TARGET_PRICE,FUND_REGDATE,FUND_DEADLINE,FUND_SOF) values (115,'FUND_115_F_IMG','[핌랩] 티셔츠와 반바지로 환경을 지키는 가장 쉬운 방법.','FIMLAB','FUND_115_CON',1,16000000,to_date('20/01/03','RR/MM/DD'),to_date('20/01/25','RR/MM/DD'),'F');
Insert into FUNDING (FUND_NO,FUND_FRONT_IMG,FUND_TITLE,FUND_CREATER,FUND_CONTENT,FUND_CON_COUNT,FUND_TARGET_PRICE,FUND_REGDATE,FUND_DEADLINE,FUND_SOF) values (116,'FUND_116_F_IMG','[친환경 다이아몬드] 식물처럼 재배해서 만든 다이아몬드가 있다','다미보석','FUND_116_CON',1,17000000,to_date('20/01/04','RR/MM/DD'),to_date('20/01/26','RR/MM/DD'),'F');
Insert into FUNDING (FUND_NO,FUND_FRONT_IMG,FUND_TITLE,FUND_CREATER,FUND_CONTENT,FUND_CON_COUNT,FUND_TARGET_PRICE,FUND_REGDATE,FUND_DEADLINE,FUND_SOF) values (117,'FUND_117_F_IMG','[826%앵콜] 환경과 당신을 생각한 제로빨대','주식회사 패신저스','FUND_117_CON',1,18000000,to_date('20/01/05','RR/MM/DD'),to_date('20/01/27','RR/MM/DD'),'F');
Insert into FUNDING (FUND_NO,FUND_FRONT_IMG,FUND_TITLE,FUND_CREATER,FUND_CONTENT,FUND_CON_COUNT,FUND_TARGET_PRICE,FUND_REGDATE,FUND_DEADLINE,FUND_SOF) values (118,'FUND_118_F_IMG','[메이에르] 영양만점! 골라먹는 친환경 반려동물 건강쿠키!','농업회사법인 메이에르','FUND_118_CON',1,19000000,to_date('20/01/06','RR/MM/DD'),to_date('20/01/28','RR/MM/DD'),'F');
Insert into FUNDING (FUND_NO,FUND_FRONT_IMG,FUND_TITLE,FUND_CREATER,FUND_CONTENT,FUND_CON_COUNT,FUND_TARGET_PRICE,FUND_REGDATE,FUND_DEADLINE,FUND_SOF) values (119,'FUND_119_F_IMG','터지지 않는 친환경 블루볼, <ONE WORLD FUTBOL> ','카이쿠라','FUND_119_CON',1,20000000,to_date('20/01/07','RR/MM/DD'),to_date('20/01/29','RR/MM/DD'),'F');



--F_PM

Insert into F_PM (FPM_NO,FUND_NO,ACC_NO,FPM_PRICE,FPM_CARDNAME,FPM_CARDPW,FPM_CARDVALID,FPM_CARDCVC,FPM_C_YN) values (2,100,100,10000,'1234123412341234','1234','2105','321','N');






-- PRODUCT

Insert into PRODUCT (PROD_NO,CATD_NO,PROD_FRONT_IMG,PROD_TH_IMG,PROD_NAME,PROD_BRAND,PROD_PRICE,PROD_CONTENT,PROD_CON_COUNT,PROD_DC_YN,PROD_DC,PROD_REGDATE,PROD_NOTE) values (100,6,'f_img','th_img','점퍼 숄더백_KH','RECODE',69000,'con_img',9,'N',0,to_date('19/12/20','RR/MM/DD'),null);
Insert into PRODUCT (PROD_NO,CATD_NO,PROD_FRONT_IMG,PROD_TH_IMG,PROD_NAME,PROD_BRAND,PROD_PRICE,PROD_CONTENT,PROD_CON_COUNT,PROD_DC_YN,PROD_DC,PROD_REGDATE,PROD_NOTE) values (105,6,'f_img','th_img','ULKIN x MODERN ALCHEMIST UGLY SHOES BAG_BK','ULKIN',395000,'PROD_105_CON',1,'N',0,to_date('19/12/20','RR/MM/DD'),null);
Insert into PRODUCT (PROD_NO,CATD_NO,PROD_FRONT_IMG,PROD_TH_IMG,PROD_NAME,PROD_BRAND,PROD_PRICE,PROD_CONTENT,PROD_CON_COUNT,PROD_DC_YN,PROD_DC,PROD_REGDATE,PROD_NOTE) values (110,6,'f_img','th_img','CONTINEW 컨티뉴 에어 백팩 V2 (S)_LIGHTBL','CONTINUE',193000,'PROD_110_CON',7,'N',0,to_date('19/12/20','RR/MM/DD'),null);
Insert into PRODUCT (PROD_NO,CATD_NO,PROD_FRONT_IMG,PROD_TH_IMG,PROD_NAME,PROD_BRAND,PROD_PRICE,PROD_CONTENT,PROD_CON_COUNT,PROD_DC_YN,PROD_DC,PROD_REGDATE,PROD_NOTE) values (116,6,'f_img','th_img','TDB_BK','CUECLYP',49000,'PROD_116_CON',1,'N',0,to_date('19/12/20','RR/MM/DD'),null);
Insert into PRODUCT (PROD_NO,CATD_NO,PROD_FRONT_IMG,PROD_TH_IMG,PROD_NAME,PROD_BRAND,PROD_PRICE,PROD_CONTENT,PROD_CON_COUNT,PROD_DC_YN,PROD_DC,PROD_REGDATE,PROD_NOTE) values (122,6,'f_img','th_img','600D Medium Roll Bag_BL','CUECLYP',49000,'PROD_122_CON',1,'N',0,to_date('19/12/20','RR/MM/DD'),null);
Insert into PRODUCT (PROD_NO,CATD_NO,PROD_FRONT_IMG,PROD_TH_IMG,PROD_NAME,PROD_BRAND,PROD_PRICE,PROD_CONTENT,PROD_CON_COUNT,PROD_DC_YN,PROD_DC,PROD_REGDATE,PROD_NOTE) values (127,6,'f_img','th_img','Sealand_Buddy S_Lava','SEALANDGEAR',141000,'PROD_127_CON',9,'N',0,to_date('19/12/20','RR/MM/DD'),null);
Insert into PRODUCT (PROD_NO,CATD_NO,PROD_FRONT_IMG,PROD_TH_IMG,PROD_NAME,PROD_BRAND,PROD_PRICE,PROD_CONTENT,PROD_CON_COUNT,PROD_DC_YN,PROD_DC,PROD_REGDATE,PROD_NOTE) values (128,6,'f_img','th_img','Sealand_Buddy S_Flare','SEALANDGEAR',141000,'PROD_128_CON',9,'N',0,to_date('19/12/20','RR/MM/DD'),null);
Insert into PRODUCT (PROD_NO,CATD_NO,PROD_FRONT_IMG,PROD_TH_IMG,PROD_NAME,PROD_BRAND,PROD_PRICE,PROD_CONTENT,PROD_CON_COUNT,PROD_DC_YN,PROD_DC,PROD_REGDATE,PROD_NOTE) values (129,6,'f_img','th_img','Sealand_Jolla_Retro','SEALANDGEAR',147000,'PROD_129_CON',6,'N',0,to_date('19/12/20','RR/MM/DD'),null);
Insert into PRODUCT (PROD_NO,CATD_NO,PROD_FRONT_IMG,PROD_TH_IMG,PROD_NAME,PROD_BRAND,PROD_PRICE,PROD_CONTENT,PROD_CON_COUNT,PROD_DC_YN,PROD_DC,PROD_REGDATE,PROD_NOTE) values (130,6,'f_img','th_img','Sealand_Jolla_Vintage','SEALANDGEAR',147000,'PROD_130_CON',6,'N',0,to_date('19/12/20','RR/MM/DD'),null);
Insert into PRODUCT (PROD_NO,CATD_NO,PROD_FRONT_IMG,PROD_TH_IMG,PROD_NAME,PROD_BRAND,PROD_PRICE,PROD_CONTENT,PROD_CON_COUNT,PROD_DC_YN,PROD_DC,PROD_REGDATE,PROD_NOTE) values (132,6,'f_img','th_img','Sealand_Bettie_TT','SEALANDGEAR',223000,'PROD_132_CON',4,'N',0,to_date('19/12/20','RR/MM/DD'),null);
Insert into PRODUCT (PROD_NO,CATD_NO,PROD_FRONT_IMG,PROD_TH_IMG,PROD_NAME,PROD_BRAND,PROD_PRICE,PROD_CONTENT,PROD_CON_COUNT,PROD_DC_YN,PROD_DC,PROD_REGDATE,PROD_NOTE) values (147,6,'f_img','th_img','CASA 까사 iPhone 7, 8 핸드폰케이스_01','NUKAK',22000,'PROD_160_CON',1,'N',0,to_date('20/01/01','RR/MM/DD'),'까사(CASA)는 광고현수막을 업사이클링 하여 만들어진 핸드폰케이스입니다. 케이스는 TPU소재의 타고난 탄성과 두께감으로 소중한 핸드폰을 완벽하게 보호합니다. 또한 TPU 소재의 소프트케이스는 무선충전을 지원합니다. 미끄럼 방지를 위한 돌기가 케이스 옆면을 감싸고 있습니다. 100% 방수가 되는 소재입니다. 까사는 광고 현수막 업사이클링 제품으로 제품마다 컬러 및 그래픽이 단 하나씩만 만들어지는 핸드메이드 제품입니다.');
Insert into PRODUCT (PROD_NO,CATD_NO,PROD_FRONT_IMG,PROD_TH_IMG,PROD_NAME,PROD_BRAND,PROD_PRICE,PROD_CONTENT,PROD_CON_COUNT,PROD_DC_YN,PROD_DC,PROD_REGDATE,PROD_NOTE) values (148,6,'f_img','th_img','CASA 까사 iPhone 7, 8 핸드폰케이스_02','NUKAK',22000,'PROD_148_CON',1,'N',0,to_date('20/01/02','RR/MM/DD'),'까사(CASA)는 광고현수막을 업사이클링 하여 만들어진 핸드폰케이스입니다. 케이스는 TPU소재의 타고난 탄성과 두께감으로 소중한 핸드폰을 완벽하게 보호합니다. 또한 TPU 소재의 소프트케이스는 무선충전을 지원합니다. 미끄럼 방지를 위한 돌기가 케이스 옆면을 감싸고 있습니다. 100% 방수가 되는 소재입니다. 까사는 광고 현수막 업사이클링 제품으로 제품마다 컬러 및 그래픽이 단 하나씩만 만들어지는 핸드메이드 제품입니다.');
Insert into PRODUCT (PROD_NO,CATD_NO,PROD_FRONT_IMG,PROD_TH_IMG,PROD_NAME,PROD_BRAND,PROD_PRICE,PROD_CONTENT,PROD_CON_COUNT,PROD_DC_YN,PROD_DC,PROD_REGDATE,PROD_NOTE) values (149,6,'f_img','th_img','CASA 까사 iPhone 7, 8 핸드폰케이스_03','NUKAK',22000,'PROD_149_CON',1,'N',0,to_date('20/01/03','RR/MM/DD'),'까사(CASA)는 광고현수막을 업사이클링 하여 만들어진 핸드폰케이스입니다. 케이스는 TPU소재의 타고난 탄성과 두께감으로 소중한 핸드폰을 완벽하게 보호합니다. 또한 TPU 소재의 소프트케이스는 무선충전을 지원합니다. 미끄럼 방지를 위한 돌기가 케이스 옆면을 감싸고 있습니다. 100% 방수가 되는 소재입니다. 까사는 광고 현수막 업사이클링 제품으로 제품마다 컬러 및 그래픽이 단 하나씩만 만들어지는 핸드메이드 제품입니다.');
Insert into PRODUCT (PROD_NO,CATD_NO,PROD_FRONT_IMG,PROD_TH_IMG,PROD_NAME,PROD_BRAND,PROD_PRICE,PROD_CONTENT,PROD_CON_COUNT,PROD_DC_YN,PROD_DC,PROD_REGDATE,PROD_NOTE) values (150,6,'f_img','th_img','CASA 까사 iPhone 7, 8 핸드폰케이스_04','NUKAK',22000,'PROD_150_CON',1,'N',0,to_date('20/01/04','RR/MM/DD'),'까사(CASA)는 광고현수막을 업사이클링 하여 만들어진 핸드폰케이스입니다. 케이스는 TPU소재의 타고난 탄성과 두께감으로 소중한 핸드폰을 완벽하게 보호합니다. 또한 TPU 소재의 소프트케이스는 무선충전을 지원합니다. 미끄럼 방지를 위한 돌기가 케이스 옆면을 감싸고 있습니다. 100% 방수가 되는 소재입니다. 까사는 광고 현수막 업사이클링 제품으로 제품마다 컬러 및 그래픽이 단 하나씩만 만들어지는 핸드메이드 제품입니다.');
Insert into PRODUCT (PROD_NO,CATD_NO,PROD_FRONT_IMG,PROD_TH_IMG,PROD_NAME,PROD_BRAND,PROD_PRICE,PROD_CONTENT,PROD_CON_COUNT,PROD_DC_YN,PROD_DC,PROD_REGDATE,PROD_NOTE) values (151,6,'f_img','th_img','FAC8621019G 플렉스 에어팟 케이스_01','CUCELYP',12000,'PROD_151_CON',1,'N',0,to_date('20/01/05','RR/MM/DD'),'전시, 광고 등에 사용 되었던 플렉스 원단을 선별하여 UP-CYCLING 하였습니다. 에어팟에 꼭 맞는 사이즈로, 카라비너가 달려 있어 걸고 다니기 편리하며 CUECLYP만의 유니크한 디자인입니다.');
Insert into PRODUCT (PROD_NO,CATD_NO,PROD_FRONT_IMG,PROD_TH_IMG,PROD_NAME,PROD_BRAND,PROD_PRICE,PROD_CONTENT,PROD_CON_COUNT,PROD_DC_YN,PROD_DC,PROD_REGDATE,PROD_NOTE) values (152,6,'f_img','th_img','FAC8621019G 플렉스 에어팟 케이스_02','CUCELYP',12000,'PROD_152_CON',1,'N',0,to_date('20/01/06','RR/MM/DD'),'전시, 광고 등에 사용 되었던 플렉스 원단을 선별하여 UP-CYCLING 하였습니다. 에어팟에 꼭 맞는 사이즈로, 카라비너가 달려 있어 걸고 다니기 편리하며 CUECLYP만의 유니크한 디자인입니다.');
Insert into PRODUCT (PROD_NO,CATD_NO,PROD_FRONT_IMG,PROD_TH_IMG,PROD_NAME,PROD_BRAND,PROD_PRICE,PROD_CONTENT,PROD_CON_COUNT,PROD_DC_YN,PROD_DC,PROD_REGDATE,PROD_NOTE) values (153,6,'f_img','th_img','FAC8621019G 플렉스 에어팟 케이스_03','CUCELYP',12000,'PROD_153_CON',1,'N',0,to_date('20/01/07','RR/MM/DD'),'전시, 광고 등에 사용 되었던 플렉스 원단을 선별하여 UP-CYCLING 하였습니다. 에어팟에 꼭 맞는 사이즈로, 카라비너가 달려 있어 걸고 다니기 편리하며 CUECLYP만의 유니크한 디자인입니다.');
Insert into PRODUCT (PROD_NO,CATD_NO,PROD_FRONT_IMG,PROD_TH_IMG,PROD_NAME,PROD_BRAND,PROD_PRICE,PROD_CONTENT,PROD_CON_COUNT,PROD_DC_YN,PROD_DC,PROD_REGDATE,PROD_NOTE) values (154,6,'f_img','th_img','FAC8621019G 플렉스 에어팟 케이스_04','CUCELYP',12000,'PROD_154_CON',1,'N',0,to_date('20/01/08','RR/MM/DD'),'전시, 광고 등에 사용 되었던 플렉스 원단을 선별하여 UP-CYCLING 하였습니다. 에어팟에 꼭 맞는 사이즈로, 카라비너가 달려 있어 걸고 다니기 편리하며 CUECLYP만의 유니크한 디자인입니다.');
Insert into PRODUCT (PROD_NO,CATD_NO,PROD_FRONT_IMG,PROD_TH_IMG,PROD_NAME,PROD_BRAND,PROD_PRICE,PROD_CONTENT,PROD_CON_COUNT,PROD_DC_YN,PROD_DC,PROD_REGDATE,PROD_NOTE) values (155,6,'f_img','th_img','CONTINEW 컨티뉴 END IS NEW 키 홀더','CONTINUE',10000,'PROD_155_CON',2,'N',0,to_date('20/01/09','RR/MM/DD'),'3M 빛반사 원단이 적용된 키홀더 입니다. 컨티뉴의 두가지 메시지가 담겨있습니다');
Insert into PRODUCT (PROD_NO,CATD_NO,PROD_FRONT_IMG,PROD_TH_IMG,PROD_NAME,PROD_BRAND,PROD_PRICE,PROD_CONTENT,PROD_CON_COUNT,PROD_DC_YN,PROD_DC,PROD_REGDATE,PROD_NOTE) values (161,7,'f_img','th_img','E850 MALE JACKET_DARKBL','FREITAG',522000,'PROD_161_CON',7,'N',0,to_date('20/01/01','RR/MM/DD'),'NULL');
Insert into PRODUCT (PROD_NO,CATD_NO,PROD_FRONT_IMG,PROD_TH_IMG,PROD_NAME,PROD_BRAND,PROD_PRICE,PROD_CONTENT,PROD_CON_COUNT,PROD_DC_YN,PROD_DC,PROD_REGDATE,PROD_NOTE) values (162,7,'f_img','th_img','E450 FEMALE JACKET_DARKBL','FREITAG',365000,'PROD_162_CON',7,'N',0,to_date('20/01/02','RR/MM/DD'),'NULL');
Insert into PRODUCT (PROD_NO,CATD_NO,PROD_FRONT_IMG,PROD_TH_IMG,PROD_NAME,PROD_BRAND,PROD_PRICE,PROD_CONTENT,PROD_CON_COUNT,PROD_DC_YN,PROD_DC,PROD_REGDATE,PROD_NOTE) values (163,7,'f_img','th_img','E450 FEMALE JACKET_BK','FREITAG',365000,'PROD_163_CON',5,'N',0,to_date('20/01/03','RR/MM/DD'),'NULL');
Insert into PRODUCT (PROD_NO,CATD_NO,PROD_FRONT_IMG,PROD_TH_IMG,PROD_NAME,PROD_BRAND,PROD_PRICE,PROD_CONTENT,PROD_CON_COUNT,PROD_DC_YN,PROD_DC,PROD_REGDATE,PROD_NOTE) values (164,7,'f_img','th_img','E451 FEMALE COAT_BL','FREITAG',435000,'PROD_164_CON',7,'N',0,to_date('20/01/04','RR/MM/DD'),'NULL');
Insert into PRODUCT (PROD_NO,CATD_NO,PROD_FRONT_IMG,PROD_TH_IMG,PROD_NAME,PROD_BRAND,PROD_PRICE,PROD_CONTENT,PROD_CON_COUNT,PROD_DC_YN,PROD_DC,PROD_REGDATE,PROD_NOTE) values (165,10,'f_img','th_img','Sealand_EAZY_Retro','SEALANDGEAR',59000,'PROD_165_CON',4,'N',0,to_date('20/01/01','RR/MM/DD'),'요트 돛 / 립스탑 (내부)을 사용했습니다. YKK 지퍼 사용를 사용했습니다. 넉넉한 사이즈로 다양한 물건을 넣을 수 있습니다. 내부에 포켓이 있습니다. 카라비너로 다양한 곳에 걸 수 있습니다.');
Insert into PRODUCT (PROD_NO,CATD_NO,PROD_FRONT_IMG,PROD_TH_IMG,PROD_NAME,PROD_BRAND,PROD_PRICE,PROD_CONTENT,PROD_CON_COUNT,PROD_DC_YN,PROD_DC,PROD_REGDATE,PROD_NOTE) values (166,10,'f_img','th_img','Sealand_EAZY_Mellow','SEALANDGEAR',59000,'PROD_166_CON',4,'N',0,to_date('20/01/02','RR/MM/DD'),'요트 돛 / 립스탑 (내부)을 사용했습니다. YKK 지퍼 사용를 사용했습니다. 넉넉한 사이즈로 다양한 물건을 넣을 수 있습니다. 내부에 포켓이 있습니다. 카라비너로 다양한 곳에 걸 수 있습니다.');
Insert into PRODUCT (PROD_NO,CATD_NO,PROD_FRONT_IMG,PROD_TH_IMG,PROD_NAME,PROD_BRAND,PROD_PRICE,PROD_CONTENT,PROD_CON_COUNT,PROD_DC_YN,PROD_DC,PROD_REGDATE,PROD_NOTE) values (167,10,'f_img','th_img','Sealand_EAZY_Flare','SEALANDGEAR',59000,'PROD_167_CON',4,'N',0,to_date('20/01/03','RR/MM/DD'),'요트 돛 / 립스탑 (내부)을 사용했습니다. YKK 지퍼 사용를 사용했습니다. 넉넉한 사이즈로 다양한 물건을 넣을 수 있습니다. 내부에 포켓이 있습니다. 카라비너로 다양한 곳에 걸 수 있습니다.');
Insert into PRODUCT (PROD_NO,CATD_NO,PROD_FRONT_IMG,PROD_TH_IMG,PROD_NAME,PROD_BRAND,PROD_PRICE,PROD_CONTENT,PROD_CON_COUNT,PROD_DC_YN,PROD_DC,PROD_REGDATE,PROD_NOTE) values (168,10,'f_img','th_img','UPCYCLING LABEL_FRAME HALF WALLET_HOPPER_BK','ULKIN',118000,'PROD_168_CON',1,'N',0,to_date('20/01/04','RR/MM/DD'),'뒷면까지 이어지는 액자 프레임이 특징인 얼킨의 반지갑입니다. 손잡이 부분의 로고 단추와 내부의 동전 포켓으로 디테일을 더했습니다.');
Insert into PRODUCT (PROD_NO,CATD_NO,PROD_FRONT_IMG,PROD_TH_IMG,PROD_NAME,PROD_BRAND,PROD_PRICE,PROD_CONTENT,PROD_CON_COUNT,PROD_DC_YN,PROD_DC,PROD_REGDATE,PROD_NOTE) values (169,10,'f_img','th_img','UPCYCLING LABEL_FRAME HALF WALLET_HOPPER_BE','ULKIN',118000,'PROD_169_CON',1,'N',0,to_date('20/01/05','RR/MM/DD'),'뒷면까지 이어지는 액자 프레임이 특징인 얼킨의 반지갑입니다. 손잡이 부분의 로고 단추와 내부의 동전 포켓으로 디테일을 더했습니다.');
Insert into PRODUCT (PROD_NO,CATD_NO,PROD_FRONT_IMG,PROD_TH_IMG,PROD_NAME,PROD_BRAND,PROD_PRICE,PROD_CONTENT,PROD_CON_COUNT,PROD_DC_YN,PROD_DC,PROD_REGDATE,PROD_NOTE) values (170,10,'f_img','th_img','UPCYCLING LABEL_FRAME CARD CASE_WEBER_BK','ULKIN',58000,'PROD_170_CON',1,'N',0,to_date('20/01/06','RR/MM/DD'),'액자 프레임과 사선의 포켓 디자인이 특징인 카드 지갑입니다. 우측의 동전 포켓으로 실용성을 더했으며, 카드 슬라이더에 가죽을 덧대어 고급스러운 마감에 신경을 쓴 제품입니다.');
Insert into PRODUCT (PROD_NO,CATD_NO,PROD_FRONT_IMG,PROD_TH_IMG,PROD_NAME,PROD_BRAND,PROD_PRICE,PROD_CONTENT,PROD_CON_COUNT,PROD_DC_YN,PROD_DC,PROD_REGDATE,PROD_NOTE) values (171,10,'f_img','th_img','UPCYCLING LABEL_FRAME CARD CASE_WEBER_WH','ULKIN',58000,'PROD_171_CON',1,'N',0,to_date('20/01/07','RR/MM/DD'),'액자 프레임과 사선의 포켓 디자인이 특징인 카드 지갑입니다. 우측의 동전 포켓으로 실용성을 더했으며, 카드 슬라이더에 가죽을 덧대어 고급스러운 마감에 신경을 쓴 제품입니다.');
Insert into PRODUCT (PROD_NO,CATD_NO,PROD_FRONT_IMG,PROD_TH_IMG,PROD_NAME,PROD_BRAND,PROD_PRICE,PROD_CONTENT,PROD_CON_COUNT,PROD_DC_YN,PROD_DC,PROD_REGDATE,PROD_NOTE) values (172,10,'f_img','th_img',' UPCYCLING LABEL_FRAME WALLET_HENRI_BK','ULKIN',148000,'PROD_172_CON',1,'N',0,to_date('20/01/08','RR/MM/DD'),'얼킨의 월렛 라인에서 처음 선보이는 3면 지퍼 장지갑으로 사용감과 수납력을 높인 제품입니다. 흔히 볼 수 없는 동전 포켓 디자인과 로고 형태의 금속 지퍼 핸들로 디테일을 더했습니다.');
Insert into PRODUCT (PROD_NO,CATD_NO,PROD_FRONT_IMG,PROD_TH_IMG,PROD_NAME,PROD_BRAND,PROD_PRICE,PROD_CONTENT,PROD_CON_COUNT,PROD_DC_YN,PROD_DC,PROD_REGDATE,PROD_NOTE) values (173,10,'f_img','th_img',' UPCYCLING LABEL_FRAME WALLET_HENRI_WH','ULKIN',148000,'PROD_173_CON',1,'N',0,to_date('20/01/09','RR/MM/DD'),'얼킨의 월렛 라인에서 처음 선보이는 3면 지퍼 장지갑으로 사용감과 수납력을 높인 제품입니다. 흔히 볼 수 없는 동전 포켓 디자인과 로고 형태의 금속 지퍼 핸들로 디테일을 더했습니다.');
Insert into PRODUCT (PROD_NO,CATD_NO,PROD_FRONT_IMG,PROD_TH_IMG,PROD_NAME,PROD_BRAND,PROD_PRICE,PROD_CONTENT,PROD_CON_COUNT,PROD_DC_YN,PROD_DC,PROD_REGDATE,PROD_NOTE) values (200,8,'f_img','th_img','OUR 24 HOURS 업사이클링 스윗셔츠_BL','HENRY COTTON’S',89000,'PROD_100_C_IMG',17,'N',0,to_date('20/01/01','RR/MM/DD'),'NULL');
Insert into PRODUCT (PROD_NO,CATD_NO,PROD_FRONT_IMG,PROD_TH_IMG,PROD_NAME,PROD_BRAND,PROD_PRICE,PROD_CONTENT,PROD_CON_COUNT,PROD_DC_YN,PROD_DC,PROD_REGDATE,PROD_NOTE) values (201,8,'f_img','th_img','OUR 24 HOURS 업사이클링 스윗셔츠_YE','SERIES',89000,'PROD_101_C_IMG',20,'N',0,to_date('20/01/02','RR/MM/DD'),'NULL');
Insert into PRODUCT (PROD_NO,CATD_NO,PROD_FRONT_IMG,PROD_TH_IMG,PROD_NAME,PROD_BRAND,PROD_PRICE,PROD_CONTENT,PROD_CON_COUNT,PROD_DC_YN,PROD_DC,PROD_REGDATE,PROD_NOTE) values (202,8,'f_img','th_img','OUR 24 HOURS 업사이클링 스윗셔츠_GR','CUSTOMELLOW',89000,'PROD_102_C_IMG',15,'N',0,to_date('20/01/03','RR/MM/DD'),'NULL');
Insert into PRODUCT (PROD_NO,CATD_NO,PROD_FRONT_IMG,PROD_TH_IMG,PROD_NAME,PROD_BRAND,PROD_PRICE,PROD_CONTENT,PROD_CON_COUNT,PROD_DC_YN,PROD_DC,PROD_REGDATE,PROD_NOTE) values (210,8,'f_img','th_img','하프앤하프 반팔 라운드 티셔츠_LIME','RECODE',89000,'PROD_110_C_IMG',10,'N',0,to_date('20/01/11','RR/MM/DD'),'NULL');
Insert into PRODUCT (PROD_NO,CATD_NO,PROD_FRONT_IMG,PROD_TH_IMG,PROD_NAME,PROD_BRAND,PROD_PRICE,PROD_CONTENT,PROD_CON_COUNT,PROD_DC_YN,PROD_DC,PROD_REGDATE,PROD_NOTE) values (211,8,'f_img','th_img','E384 FEMALE SHIRT_BLUE DEPTHS','FREITAG',241000,'PROD_111_C_IMG',5,'N',0,to_date('20/01/12','RR/MM/DD'),'NULL');
Insert into PRODUCT (PROD_NO,CATD_NO,PROD_FRONT_IMG,PROD_TH_IMG,PROD_NAME,PROD_BRAND,PROD_PRICE,PROD_CONTENT,PROD_CON_COUNT,PROD_DC_YN,PROD_DC,PROD_REGDATE,PROD_NOTE) values (212,8,'f_img','th_img','E384 FEMALE SHIRT_SHALE','FREITAG',241000,'PROD_112_C_IMG',7,'N',0,to_date('20/01/13','RR/MM/DD'),'NULL');
Insert into PRODUCT (PROD_NO,CATD_NO,PROD_FRONT_IMG,PROD_TH_IMG,PROD_NAME,PROD_BRAND,PROD_PRICE,PROD_CONTENT,PROD_CON_COUNT,PROD_DC_YN,PROD_DC,PROD_REGDATE,PROD_NOTE) values (213,8,'f_img','th_img','E383 FEMALE SHIRT_PEACH SKIN','FREITAG',188000,'PROD_113_C_IMG',7,'N',0,to_date('20/01/14','RR/MM/DD'),'NULL');
Insert into PRODUCT (PROD_NO,CATD_NO,PROD_FRONT_IMG,PROD_TH_IMG,PROD_NAME,PROD_BRAND,PROD_PRICE,PROD_CONTENT,PROD_CON_COUNT,PROD_DC_YN,PROD_DC,PROD_REGDATE,PROD_NOTE) values (214,8,'f_img','th_img','E830 UNISEX SWEATSHIRT_DARK BLUE','FREITAG',215000,'PROD_114_C_IMG',5,'N',0,to_date('20/01/15','RR/MM/DD'),'NULL');
Insert into PRODUCT (PROD_NO,CATD_NO,PROD_FRONT_IMG,PROD_TH_IMG,PROD_NAME,PROD_BRAND,PROD_PRICE,PROD_CONTENT,PROD_CON_COUNT,PROD_DC_YN,PROD_DC,PROD_REGDATE,PROD_NOTE) values (215,8,'f_img','th_img','E830 UNISEX SWEATSHIRT_DARK RED','FREITAG',215000,'PROD_115_C_IMG',7,'N',0,to_date('20/01/16','RR/MM/DD'),'NULL');
Insert into PRODUCT (PROD_NO,CATD_NO,PROD_FRONT_IMG,PROD_TH_IMG,PROD_NAME,PROD_BRAND,PROD_PRICE,PROD_CONTENT,PROD_CON_COUNT,PROD_DC_YN,PROD_DC,PROD_REGDATE,PROD_NOTE) values (216,9,'f_img','th_img','투턱 9부 팬츠_KH','RECODE',320000,'PROD_100_C_IMG',8,'N',0,to_date('20/01/01','RR/MM/DD'),'NULL');
Insert into PRODUCT (PROD_NO,CATD_NO,PROD_FRONT_IMG,PROD_TH_IMG,PROD_NAME,PROD_BRAND,PROD_PRICE,PROD_CONTENT,PROD_CON_COUNT,PROD_DC_YN,PROD_DC,PROD_REGDATE,PROD_NOTE) values (217,9,'f_img','th_img','히든 턱 와이드 팬츠_BK','RECODE',320000,'PROD_101_C_IMG',8,'N',0,to_date('20/01/02','RR/MM/DD'),'NULL');
Insert into PRODUCT (PROD_NO,CATD_NO,PROD_FRONT_IMG,PROD_TH_IMG,PROD_NAME,PROD_BRAND,PROD_PRICE,PROD_CONTENT,PROD_CON_COUNT,PROD_DC_YN,PROD_DC,PROD_REGDATE,PROD_NOTE) values (218,9,'f_img','th_img','E500 MALE DENIM_DARKBLUE','FREITAG',322000,'PROD_102_C_IMG',5,'N',0,to_date('20/01/03','RR/MM/DD'),'NULL');
Insert into PRODUCT (PROD_NO,CATD_NO,PROD_FRONT_IMG,PROD_TH_IMG,PROD_NAME,PROD_BRAND,PROD_PRICE,PROD_CONTENT,PROD_CON_COUNT,PROD_DC_YN,PROD_DC,PROD_REGDATE,PROD_NOTE) values (219,9,'f_img','th_img','E500 MALE DENIM_BK','FREITAG',322000,'PROD_103_C_IMG',7,'N',0,to_date('20/01/04','RR/MM/DD'),'NULL');
Insert into PRODUCT (PROD_NO,CATD_NO,PROD_FRONT_IMG,PROD_TH_IMG,PROD_NAME,PROD_BRAND,PROD_PRICE,PROD_CONTENT,PROD_CON_COUNT,PROD_DC_YN,PROD_DC,PROD_REGDATE,PROD_NOTE) values (220,9,'f_img','th_img','E553 MALE WORKPANT_DARKBLUE','FREITAG',365000,'PROD_104_C_IMG',7,'N',0,to_date('20/01/05','RR/MM/DD'),'NULL');
Insert into PRODUCT (PROD_NO,CATD_NO,PROD_FRONT_IMG,PROD_TH_IMG,PROD_NAME,PROD_BRAND,PROD_PRICE,PROD_CONTENT,PROD_CON_COUNT,PROD_DC_YN,PROD_DC,PROD_REGDATE,PROD_NOTE) values (221,9,'f_img','th_img','E553 MALE WORKPANT_OCHRE','FREITAG',365000,'PROD_105_C_IMG',5,'N',0,to_date('20/01/06','RR/MM/DD'),'NULL');
Insert into PRODUCT (PROD_NO,CATD_NO,PROD_FRONT_IMG,PROD_TH_IMG,PROD_NAME,PROD_BRAND,PROD_PRICE,PROD_CONTENT,PROD_CON_COUNT,PROD_DC_YN,PROD_DC,PROD_REGDATE,PROD_NOTE) values (222,9,'f_img','th_img','E550 MALE WORKPANT_DARK BLUE','FREITAG',322000,'PROD_106_C_IMG',5,'N',0,to_date('20/01/07','RR/MM/DD'),'NULL');
Insert into PRODUCT (PROD_NO,CATD_NO,PROD_FRONT_IMG,PROD_TH_IMG,PROD_NAME,PROD_BRAND,PROD_PRICE,PROD_CONTENT,PROD_CON_COUNT,PROD_DC_YN,PROD_DC,PROD_REGDATE,PROD_NOTE) values (223,9,'f_img','th_img','E550 MALE WORKPANT_INDUSTRIALGR','FREITAG',322000,'PROD_107_C_IMG',5,'N',0,to_date('20/01/08','RR/MM/DD'),'NULL');
Insert into PRODUCT (PROD_NO,CATD_NO,PROD_FRONT_IMG,PROD_TH_IMG,PROD_NAME,PROD_BRAND,PROD_PRICE,PROD_CONTENT,PROD_CON_COUNT,PROD_DC_YN,PROD_DC,PROD_REGDATE,PROD_NOTE) values (224,9,'f_img','th_img','E550 MALE WORKPANT_OCHRE','FREITAG',322000,'PROD_108_C_IMG',7,'N',0,to_date('20/01/09','RR/MM/DD'),'NULL');
Insert into PRODUCT (PROD_NO,CATD_NO,PROD_FRONT_IMG,PROD_TH_IMG,PROD_NAME,PROD_BRAND,PROD_PRICE,PROD_CONTENT,PROD_CON_COUNT,PROD_DC_YN,PROD_DC,PROD_REGDATE,PROD_NOTE) values (228,11,'f_img','th_img','BIFF X OWN U Ereasers','OWN U',2000,'PROD_100_C_IMG',1,'N',0,to_date('20/01/01','RR/MM/DD'),'NULL');
Insert into PRODUCT (PROD_NO,CATD_NO,PROD_FRONT_IMG,PROD_TH_IMG,PROD_NAME,PROD_BRAND,PROD_PRICE,PROD_CONTENT,PROD_CON_COUNT,PROD_DC_YN,PROD_DC,PROD_REGDATE,PROD_NOTE) values (229,11,'f_img','th_img','코끼리 마우스패드','OWN U',9000,'PROD_101_C_IMG',1,'N',0,to_date('20/01/02','RR/MM/DD'),'NULL');
Insert into PRODUCT (PROD_NO,CATD_NO,PROD_FRONT_IMG,PROD_TH_IMG,PROD_NAME,PROD_BRAND,PROD_PRICE,PROD_CONTENT,PROD_CON_COUNT,PROD_DC_YN,PROD_DC,PROD_REGDATE,PROD_NOTE) values (230,11,'f_img','th_img','물고기 필통 DIY 키트','OWN U',19000,'PROD_102_C_IMG',1,'N',0,to_date('20/01/03','RR/MM/DD'),'NULL');
Insert into PRODUCT (PROD_NO,CATD_NO,PROD_FRONT_IMG,PROD_TH_IMG,PROD_NAME,PROD_BRAND,PROD_PRICE,PROD_CONTENT,PROD_CON_COUNT,PROD_DC_YN,PROD_DC,PROD_REGDATE,PROD_NOTE) values (231,11,'f_img','th_img','Drawing Book','OWN U',4500,'PROD_103_C_IMG',1,'N',0,to_date('20/01/04','RR/MM/DD'),'NULL');
Insert into PRODUCT (PROD_NO,CATD_NO,PROD_FRONT_IMG,PROD_TH_IMG,PROD_NAME,PROD_BRAND,PROD_PRICE,PROD_CONTENT,PROD_CON_COUNT,PROD_DC_YN,PROD_DC,PROD_REGDATE,PROD_NOTE) values (232,11,'f_img','th_img','Post Card','OWN U',1000,'PROD_104_C_IMG',1,'N',0,to_date('20/01/05','RR/MM/DD'),'NULL');
Insert into PRODUCT (PROD_NO,CATD_NO,PROD_FRONT_IMG,PROD_TH_IMG,PROD_NAME,PROD_BRAND,PROD_PRICE,PROD_CONTENT,PROD_CON_COUNT,PROD_DC_YN,PROD_DC,PROD_REGDATE,PROD_NOTE) values (233,11,'f_img','th_img','인서트펜슬-폐플라스틱 재생연필','굿필코리아',74,'PROD_105_C_IMG',1,'N',0,to_date('20/01/06','RR/MM/DD'),'NULL');
Insert into PRODUCT (PROD_NO,CATD_NO,PROD_FRONT_IMG,PROD_TH_IMG,PROD_NAME,PROD_BRAND,PROD_PRICE,PROD_CONTENT,PROD_CON_COUNT,PROD_DC_YN,PROD_DC,PROD_REGDATE,PROD_NOTE) values (234,11,'f_img','th_img','제브라 지우개 연필','굿필코리아',250,'PROD_106_C_IMG',1,'N',0,to_date('20/01/07','RR/MM/DD'),'NULL');
Insert into PRODUCT (PROD_NO,CATD_NO,PROD_FRONT_IMG,PROD_TH_IMG,PROD_NAME,PROD_BRAND,PROD_PRICE,PROD_CONTENT,PROD_CON_COUNT,PROD_DC_YN,PROD_DC,PROD_REGDATE,PROD_NOTE) values (235,11,'f_img','th_img','스케이 바이오','세나토',3000,'PROD_107_C_IMG',2,'N',0,to_date('20/01/08','RR/MM/DD'),'NULL');
Insert into PRODUCT (PROD_NO,CATD_NO,PROD_FRONT_IMG,PROD_TH_IMG,PROD_NAME,PROD_BRAND,PROD_PRICE,PROD_CONTENT,PROD_CON_COUNT,PROD_DC_YN,PROD_DC,PROD_REGDATE,PROD_NOTE) values (236,11,'f_img','th_img','슈퍼히트 에코','세나토',12000,'PROD_108_C_IMG',1,'N',0,to_date('20/01/09','RR/MM/DD'),'NULL');
Insert into PRODUCT (PROD_NO,CATD_NO,PROD_FRONT_IMG,PROD_TH_IMG,PROD_NAME,PROD_BRAND,PROD_PRICE,PROD_CONTENT,PROD_CON_COUNT,PROD_DC_YN,PROD_DC,PROD_REGDATE,PROD_NOTE) values (246,12,'f_img','th_img','대나무 칫솔','더피커',5900,'PROD_100_C_IMG',1,'N',0,to_date('20/01/01','RR/MM/DD'),'NULL');
Insert into PRODUCT (PROD_NO,CATD_NO,PROD_FRONT_IMG,PROD_TH_IMG,PROD_NAME,PROD_BRAND,PROD_PRICE,PROD_CONTENT,PROD_CON_COUNT,PROD_DC_YN,PROD_DC,PROD_REGDATE,PROD_NOTE) values (247,12,'f_img','th_img','유기농 햄프면 재사용화장솜','더피커',12000,'PROD_101_C_IMG',1,'N',0,to_date('20/01/02','RR/MM/DD'),'NULL');
Insert into PRODUCT (PROD_NO,CATD_NO,PROD_FRONT_IMG,PROD_TH_IMG,PROD_NAME,PROD_BRAND,PROD_PRICE,PROD_CONTENT,PROD_CON_COUNT,PROD_DC_YN,PROD_DC,PROD_REGDATE,PROD_NOTE) values (248,12,'f_img','th_img','유기농면 메쉬 코튼 에코백','더피커',13000,'PROD_102_C_IMG',1,'N',0,to_date('20/01/03','RR/MM/DD'),'NULL');
Insert into PRODUCT (PROD_NO,CATD_NO,PROD_FRONT_IMG,PROD_TH_IMG,PROD_NAME,PROD_BRAND,PROD_PRICE,PROD_CONTENT,PROD_CON_COUNT,PROD_DC_YN,PROD_DC,PROD_REGDATE,PROD_NOTE) values (249,12,'f_img','th_img','스테인레스','더피커',3000,'PROD_103_C_IMG',1,'N',0,to_date('20/01/04','RR/MM/DD'),'NULL');
Insert into PRODUCT (PROD_NO,CATD_NO,PROD_FRONT_IMG,PROD_TH_IMG,PROD_NAME,PROD_BRAND,PROD_PRICE,PROD_CONTENT,PROD_CON_COUNT,PROD_DC_YN,PROD_DC,PROD_REGDATE,PROD_NOTE) values (250,12,'f_img','th_img','빨대 주머니','더피커',3000,'PROD_104_C_IMG',1,'N',0,to_date('20/01/05','RR/MM/DD'),'NULL');
Insert into PRODUCT (PROD_NO,CATD_NO,PROD_FRONT_IMG,PROD_TH_IMG,PROD_NAME,PROD_BRAND,PROD_PRICE,PROD_CONTENT,PROD_CON_COUNT,PROD_DC_YN,PROD_DC,PROD_REGDATE,PROD_NOTE) values (251,12,'f_img','th_img','내추럴 수세미','해피얼쓰',2000,'PROD_105_C_IMG',6,'N',0,to_date('20/01/06','RR/MM/DD'),'NULL');
Insert into PRODUCT (PROD_NO,CATD_NO,PROD_FRONT_IMG,PROD_TH_IMG,PROD_NAME,PROD_BRAND,PROD_PRICE,PROD_CONTENT,PROD_CON_COUNT,PROD_DC_YN,PROD_DC,PROD_REGDATE,PROD_NOTE) values (252,12,'f_img','th_img','스테인레스 빨대, 친환경 빨대','해피얼쓰',5500,'PROD_106_C_IMG',9,'N',0,to_date('20/01/07','RR/MM/DD'),'NULL');
Insert into PRODUCT (PROD_NO,CATD_NO,PROD_FRONT_IMG,PROD_TH_IMG,PROD_NAME,PROD_BRAND,PROD_PRICE,PROD_CONTENT,PROD_CON_COUNT,PROD_DC_YN,PROD_DC,PROD_REGDATE,PROD_NOTE) values (253,12,'f_img','th_img','친환경 스웨덴 행주 Green Herb','Jangneus',7900,'PROD_107_C_IMG',1,'N',0,to_date('20/01/08','RR/MM/DD'),'NULL');
Insert into PRODUCT (PROD_NO,CATD_NO,PROD_FRONT_IMG,PROD_TH_IMG,PROD_NAME,PROD_BRAND,PROD_PRICE,PROD_CONTENT,PROD_CON_COUNT,PROD_DC_YN,PROD_DC,PROD_REGDATE,PROD_NOTE) values (254,12,'f_img','th_img','친환경 방수식탁매트','엘라다이닝',16500,'PROD_108_C_IMG',1,'N',0,to_date('20/01/09','RR/MM/DD'),'NULL');

--PRODUCT 테이블 값들 업데이트
UPDATE PRODUCT SET PROD_FRONT_IMG = 'f_img';
UPDATE PRODUCT SET PROD_TH_IMG = 'th_img';
UPDATE PRODUCT SET PROD_CONTENT = 'con_img';

--PROD 테이블에 컬럼 추가

ALTER TABLE PRODUCT ADD(PROD_COMM VARCHAR2(20));
UPDATE PRODUCT SET PROD_COMM='BagAccSelectAll' WHERE PROD_NO IN(100, 105, 110, 116, 122, 127, 128, 129, 130, 132);
UPDATE PRODUCT SET PROD_COMM = 'BagAccSelectAll' WHERE PROD_NO BETWEEN 147 AND 154;
UPDATE PRODUCT SET PROD_COMM = 'OuterSelectAll' WHERE CATD_NO = '7';
UPDATE PRODUCT SET PROD_COMM = 'TopSelectAll' WHERE CATD_NO = 8;
UPDATE PRODUCT SET PROD_COMM = 'BottomSelectAll' WHERE CATD_NO = 9;
UPDATE PRODUCT SET PROD_COMM = 'SupplySelectAll' WHERE CATD_NO = 11;
UPDATE PRODUCT SET PROD_COMM = 'HomeSelectAll' WHERE CATD_NO = 12;
UPDATE PRODUCT SET PROD_COMM = 'WalletSelectAll' WHERE CATD_NO = 10;
UPDATE PRODUCT SET PROD_COMM = 'BagAccSelectAll' WHERE PROD_NO = 155;

--SELECT * FROM PROD_OPTION;
--SELECT * FROM PRODUCT;

--PROD_OPTION


INSERT INTO PROD_OPTION(PROD_NO, PROD_ID, PROD_COLOR, PROD_SIZE, PROD_STOCK) values ('100','1000','KHAKI','FREE', 1);
INSERT INTO PROD_OPTION(PROD_NO, PROD_ID, PROD_COLOR, PROD_SIZE, PROD_STOCK) values ('105','1001','BLACK','FREE', 1);
INSERT INTO PROD_OPTION(PROD_NO, PROD_ID, PROD_COLOR, PROD_SIZE, PROD_STOCK) values ('110','1002','LIGHTBLUE','FREE', 1);
INSERT INTO PROD_OPTION(PROD_NO, PROD_ID, PROD_COLOR, PROD_SIZE, PROD_STOCK) values ('116','1003','BLACK','FREE', 1);
INSERT INTO PROD_OPTION(PROD_NO, PROD_ID, PROD_COLOR, PROD_SIZE, PROD_STOCK) values ('122','1004','BLUE','FREE', 1);
INSERT INTO PROD_OPTION(PROD_NO, PROD_ID, PROD_COLOR, PROD_SIZE, PROD_STOCK) values ('127','1005','LAVA','S', 1);
INSERT INTO PROD_OPTION(PROD_NO, PROD_ID, PROD_COLOR, PROD_SIZE, PROD_STOCK) values ('128','1006','FLARE','S', 1);
INSERT INTO PROD_OPTION(PROD_NO, PROD_ID, PROD_COLOR, PROD_SIZE, PROD_STOCK) values ('129','1007','RETRO','FREE', 1);
INSERT INTO PROD_OPTION(PROD_NO, PROD_ID, PROD_COLOR, PROD_SIZE, PROD_STOCK) values ('130','1008','VINTAGE','FREE', 1);
INSERT INTO PROD_OPTION(PROD_NO, PROD_ID, PROD_COLOR, PROD_SIZE, PROD_STOCK) values ('132','1009','TT','FREE', 1);
INSERT INTO PROD_OPTION(PROD_NO, PROD_ID, PROD_COLOR, PROD_SIZE, PROD_STOCK) values ('147','1010','NUM','Iphone 7_8', 1);
INSERT INTO PROD_OPTION(PROD_NO, PROD_ID, PROD_COLOR, PROD_SIZE, PROD_STOCK) values ('148','1011','DESERT','Iphone 7_8', 1);
INSERT INTO PROD_OPTION(PROD_NO, PROD_ID, PROD_COLOR, PROD_SIZE, PROD_STOCK) values ('149','1012','NEON','Iphone 7_8', 1);
INSERT INTO PROD_OPTION(PROD_NO, PROD_ID, PROD_COLOR, PROD_SIZE, PROD_STOCK) values ('150','1013','PLA','Iphone 7_8', 1);
INSERT INTO PROD_OPTION(PROD_NO, PROD_ID, PROD_COLOR, PROD_SIZE, PROD_STOCK) values ('151','1014','KHAKI','FREE', 1);
INSERT INTO PROD_OPTION(PROD_NO, PROD_ID, PROD_COLOR, PROD_SIZE, PROD_STOCK) values ('152','1015','BLACK','FREE', 1);
INSERT INTO PROD_OPTION(PROD_NO, PROD_ID, PROD_COLOR, PROD_SIZE, PROD_STOCK) values ('153','1016','MARBLE','FREE', 1);
INSERT INTO PROD_OPTION(PROD_NO, PROD_ID, PROD_COLOR, PROD_SIZE, PROD_STOCK) values ('154','1017','ICE','FREE', 1);
INSERT INTO PROD_OPTION(PROD_NO, PROD_ID, PROD_COLOR, PROD_SIZE, PROD_STOCK) values ('155','1018','GRAY','FREE', 1);
INSERT INTO PROD_OPTION(PROD_NO, PROD_ID, PROD_COLOR, PROD_SIZE, PROD_STOCK) values ('161','1019','DARKBLUE','S', 1);
INSERT INTO PROD_OPTION(PROD_NO, PROD_ID, PROD_COLOR, PROD_SIZE, PROD_STOCK) values ('162','1020','DARKBLUE','XS', 1);
INSERT INTO PROD_OPTION(PROD_NO, PROD_ID, PROD_COLOR, PROD_SIZE, PROD_STOCK) values ('162','1021','DARKBLUE','S', 1);
INSERT INTO PROD_OPTION(PROD_NO, PROD_ID, PROD_COLOR, PROD_SIZE, PROD_STOCK) values ('162','1022','DARKBLUE','M', 1);
INSERT INTO PROD_OPTION(PROD_NO, PROD_ID, PROD_COLOR, PROD_SIZE, PROD_STOCK) values ('162','1023','DARKBLUE','L', 1);
INSERT INTO PROD_OPTION(PROD_NO, PROD_ID, PROD_COLOR, PROD_SIZE, PROD_STOCK) values ('163','1024','BLACK','XS', 1);
INSERT INTO PROD_OPTION(PROD_NO, PROD_ID, PROD_COLOR, PROD_SIZE, PROD_STOCK) values ('163','1025','BLACK','S', 1);
INSERT INTO PROD_OPTION(PROD_NO, PROD_ID, PROD_COLOR, PROD_SIZE, PROD_STOCK) values ('163','1026','BLACK','M', 1);
INSERT INTO PROD_OPTION(PROD_NO, PROD_ID, PROD_COLOR, PROD_SIZE, PROD_STOCK) values ('163','1027','BLACK','L', 1);
INSERT INTO PROD_OPTION(PROD_NO, PROD_ID, PROD_COLOR, PROD_SIZE, PROD_STOCK) values ('164','1028','BLUE','FREE', 1);
INSERT INTO PROD_OPTION(PROD_NO, PROD_ID, PROD_COLOR, PROD_SIZE, PROD_STOCK) values ('165','1029','RETRO','FREE', 1);
INSERT INTO PROD_OPTION(PROD_NO, PROD_ID, PROD_COLOR, PROD_SIZE, PROD_STOCK) values ('166','1030','MELLOW','FREE', 1);
INSERT INTO PROD_OPTION(PROD_NO, PROD_ID, PROD_COLOR, PROD_SIZE, PROD_STOCK) values ('167','1031','FLARE','FREE', 1);
INSERT INTO PROD_OPTION(PROD_NO, PROD_ID, PROD_COLOR, PROD_SIZE, PROD_STOCK) values ('168','1032','BLACK','FREE', 1);
INSERT INTO PROD_OPTION(PROD_NO, PROD_ID, PROD_COLOR, PROD_SIZE, PROD_STOCK) values ('169','1033','BEIGE','FREE', 1);
INSERT INTO PROD_OPTION(PROD_NO, PROD_ID, PROD_COLOR, PROD_SIZE, PROD_STOCK) values ('170','1034','BLACK','FREE', 1);
INSERT INTO PROD_OPTION(PROD_NO, PROD_ID, PROD_COLOR, PROD_SIZE, PROD_STOCK) values ('171','1035','WHITE','FREE', 1);
INSERT INTO PROD_OPTION(PROD_NO, PROD_ID, PROD_COLOR, PROD_SIZE, PROD_STOCK) values ('172','1036','BLACK','FREE', 1);
INSERT INTO PROD_OPTION(PROD_NO, PROD_ID, PROD_COLOR, PROD_SIZE, PROD_STOCK) values ('173','1037','WHITE','FREE', 1);
INSERT INTO PROD_OPTION(PROD_NO, PROD_ID, PROD_COLOR, PROD_SIZE, PROD_STOCK) values ('200','1038','BLUE','95', 1);
INSERT INTO PROD_OPTION(PROD_NO, PROD_ID, PROD_COLOR, PROD_SIZE, PROD_STOCK) values ('200','1039','BLUE','100', 1);
INSERT INTO PROD_OPTION(PROD_NO, PROD_ID, PROD_COLOR, PROD_SIZE, PROD_STOCK) values ('200','1040','BLUE','105', 1);
INSERT INTO PROD_OPTION(PROD_NO, PROD_ID, PROD_COLOR, PROD_SIZE, PROD_STOCK) values ('200','1041','BLUE','110', 1);
INSERT INTO PROD_OPTION(PROD_NO, PROD_ID, PROD_COLOR, PROD_SIZE, PROD_STOCK) values ('201','1042','YELLOW','95', 1);
INSERT INTO PROD_OPTION(PROD_NO, PROD_ID, PROD_COLOR, PROD_SIZE, PROD_STOCK) values ('201','1043','YELLOW','100', 1);
INSERT INTO PROD_OPTION(PROD_NO, PROD_ID, PROD_COLOR, PROD_SIZE, PROD_STOCK) values ('201','1044','YELLOW','105', 1);
INSERT INTO PROD_OPTION(PROD_NO, PROD_ID, PROD_COLOR, PROD_SIZE, PROD_STOCK) values ('201','1045','YELLOW','110', 1);
INSERT INTO PROD_OPTION(PROD_NO, PROD_ID, PROD_COLOR, PROD_SIZE, PROD_STOCK) values ('202','1046','GREEN','95', 1);
INSERT INTO PROD_OPTION(PROD_NO, PROD_ID, PROD_COLOR, PROD_SIZE, PROD_STOCK) values ('202','1047','GREEN','100', 1);
INSERT INTO PROD_OPTION(PROD_NO, PROD_ID, PROD_COLOR, PROD_SIZE, PROD_STOCK) values ('202','1048','GREEN','105', 1);
INSERT INTO PROD_OPTION(PROD_NO, PROD_ID, PROD_COLOR, PROD_SIZE, PROD_STOCK) values ('202','1049','GREEN','110', 1);
INSERT INTO PROD_OPTION(PROD_NO, PROD_ID, PROD_COLOR, PROD_SIZE, PROD_STOCK) values ('210','1050','LIME','M', 1);
INSERT INTO PROD_OPTION(PROD_NO, PROD_ID, PROD_COLOR, PROD_SIZE, PROD_STOCK) values ('210','1051','LIME','L', 1);
INSERT INTO PROD_OPTION(PROD_NO, PROD_ID, PROD_COLOR, PROD_SIZE, PROD_STOCK) values ('211','1052','BLUE_DEPTHS','XS', 1);
INSERT INTO PROD_OPTION(PROD_NO, PROD_ID, PROD_COLOR, PROD_SIZE, PROD_STOCK) values ('211','1053','BLUE_DEPTHS','S', 1);
INSERT INTO PROD_OPTION(PROD_NO, PROD_ID, PROD_COLOR, PROD_SIZE, PROD_STOCK) values ('211','1054','BLUE_DEPTHS','M', 1);
INSERT INTO PROD_OPTION(PROD_NO, PROD_ID, PROD_COLOR, PROD_SIZE, PROD_STOCK) values ('211','1055','BLUE_DEPTHS','L', 1);
INSERT INTO PROD_OPTION(PROD_NO, PROD_ID, PROD_COLOR, PROD_SIZE, PROD_STOCK) values ('212','1056','SHALE','XS', 1);
INSERT INTO PROD_OPTION(PROD_NO, PROD_ID, PROD_COLOR, PROD_SIZE, PROD_STOCK) values ('212','1057','SHALE','S', 1);
INSERT INTO PROD_OPTION(PROD_NO, PROD_ID, PROD_COLOR, PROD_SIZE, PROD_STOCK) values ('212','1058','SHALE','M', 1);
INSERT INTO PROD_OPTION(PROD_NO, PROD_ID, PROD_COLOR, PROD_SIZE, PROD_STOCK) values ('212','1059','SHALE','L', 1);
INSERT INTO PROD_OPTION(PROD_NO, PROD_ID, PROD_COLOR, PROD_SIZE, PROD_STOCK) values ('213','1060','PEACH','S', 1);
INSERT INTO PROD_OPTION(PROD_NO, PROD_ID, PROD_COLOR, PROD_SIZE, PROD_STOCK) values ('213','1061','PEACH','L', 1);
INSERT INTO PROD_OPTION(PROD_NO, PROD_ID, PROD_COLOR, PROD_SIZE, PROD_STOCK) values ('214','1062','DARKBLUE','S', 1);
INSERT INTO PROD_OPTION(PROD_NO, PROD_ID, PROD_COLOR, PROD_SIZE, PROD_STOCK) values ('214','1063','DARKBLUE','M', 1);
INSERT INTO PROD_OPTION(PROD_NO, PROD_ID, PROD_COLOR, PROD_SIZE, PROD_STOCK) values ('214','1064','DARKBLUE','L', 1);
INSERT INTO PROD_OPTION(PROD_NO, PROD_ID, PROD_COLOR, PROD_SIZE, PROD_STOCK) values ('215','1065','DARKRED','S', 1);
INSERT INTO PROD_OPTION(PROD_NO, PROD_ID, PROD_COLOR, PROD_SIZE, PROD_STOCK) values ('215','1066','DARKRED','M', 1);
INSERT INTO PROD_OPTION(PROD_NO, PROD_ID, PROD_COLOR, PROD_SIZE, PROD_STOCK) values ('215','1067','DARKRED','L', 1);
INSERT INTO PROD_OPTION(PROD_NO, PROD_ID, PROD_COLOR, PROD_SIZE, PROD_STOCK) values ('216','1068','KHAKI','M', 1);
INSERT INTO PROD_OPTION(PROD_NO, PROD_ID, PROD_COLOR, PROD_SIZE, PROD_STOCK) values ('216','1069','KHAKI','L', 1);
INSERT INTO PROD_OPTION(PROD_NO, PROD_ID, PROD_COLOR, PROD_SIZE, PROD_STOCK) values ('217','1070','BLACK','M', 1);
INSERT INTO PROD_OPTION(PROD_NO, PROD_ID, PROD_COLOR, PROD_SIZE, PROD_STOCK) values ('217','1071','BLACK','L', 1);
INSERT INTO PROD_OPTION(PROD_NO, PROD_ID, PROD_COLOR, PROD_SIZE, PROD_STOCK) values ('218','1072','DARKBLUE','28', 1);
INSERT INTO PROD_OPTION(PROD_NO, PROD_ID, PROD_COLOR, PROD_SIZE, PROD_STOCK) values ('218','1073','DARKBLUE','29', 1);
INSERT INTO PROD_OPTION(PROD_NO, PROD_ID, PROD_COLOR, PROD_SIZE, PROD_STOCK) values ('218','1074','DARKBLUE','30', 1);
INSERT INTO PROD_OPTION(PROD_NO, PROD_ID, PROD_COLOR, PROD_SIZE, PROD_STOCK) values ('218','1075','DARKBLUE','31', 1);
INSERT INTO PROD_OPTION(PROD_NO, PROD_ID, PROD_COLOR, PROD_SIZE, PROD_STOCK) values ('218','1076','DARKBLUE','32', 1);
INSERT INTO PROD_OPTION(PROD_NO, PROD_ID, PROD_COLOR, PROD_SIZE, PROD_STOCK) values ('219','1077','BLACK','28', 1);
INSERT INTO PROD_OPTION(PROD_NO, PROD_ID, PROD_COLOR, PROD_SIZE, PROD_STOCK) values ('219','1078','BLACK','29', 1);
INSERT INTO PROD_OPTION(PROD_NO, PROD_ID, PROD_COLOR, PROD_SIZE, PROD_STOCK) values ('219','1079','BLACK','30', 1);
INSERT INTO PROD_OPTION(PROD_NO, PROD_ID, PROD_COLOR, PROD_SIZE, PROD_STOCK) values ('219','1080','BLACK','31', 1);
INSERT INTO PROD_OPTION(PROD_NO, PROD_ID, PROD_COLOR, PROD_SIZE, PROD_STOCK) values ('219','1081','BLACK','32', 1);
INSERT INTO PROD_OPTION(PROD_NO, PROD_ID, PROD_COLOR, PROD_SIZE, PROD_STOCK) values ('220','1082','DARKBLUE','31', 1);
INSERT INTO PROD_OPTION(PROD_NO, PROD_ID, PROD_COLOR, PROD_SIZE, PROD_STOCK) values ('220','1083','DARKBLUE','32', 1);
INSERT INTO PROD_OPTION(PROD_NO, PROD_ID, PROD_COLOR, PROD_SIZE, PROD_STOCK) values ('220','1084','DARKBLUE','33', 1);
INSERT INTO PROD_OPTION(PROD_NO, PROD_ID, PROD_COLOR, PROD_SIZE, PROD_STOCK) values ('220','1085','DARKBLUE','34', 1);
INSERT INTO PROD_OPTION(PROD_NO, PROD_ID, PROD_COLOR, PROD_SIZE, PROD_STOCK) values ('220','1086','DARKBLUE','36', 1);
INSERT INTO PROD_OPTION(PROD_NO, PROD_ID, PROD_COLOR, PROD_SIZE, PROD_STOCK) values ('221','1087','OCHRE','31', 1);
INSERT INTO PROD_OPTION(PROD_NO, PROD_ID, PROD_COLOR, PROD_SIZE, PROD_STOCK) values ('221','1088','OCHRE','32', 1);
INSERT INTO PROD_OPTION(PROD_NO, PROD_ID, PROD_COLOR, PROD_SIZE, PROD_STOCK) values ('221','1089','OCHRE','33', 1);
INSERT INTO PROD_OPTION(PROD_NO, PROD_ID, PROD_COLOR, PROD_SIZE, PROD_STOCK) values ('221','1090','OCHRE','34', 1);
INSERT INTO PROD_OPTION(PROD_NO, PROD_ID, PROD_COLOR, PROD_SIZE, PROD_STOCK) values ('221','1091','OCHRE','36', 1);
INSERT INTO PROD_OPTION(PROD_NO, PROD_ID, PROD_COLOR, PROD_SIZE, PROD_STOCK) values ('222','1092','DARKBLUE','28', 1);
INSERT INTO PROD_OPTION(PROD_NO, PROD_ID, PROD_COLOR, PROD_SIZE, PROD_STOCK) values ('222','1093','DARKBLUE','29', 1);
INSERT INTO PROD_OPTION(PROD_NO, PROD_ID, PROD_COLOR, PROD_SIZE, PROD_STOCK) values ('222','1094','DARKBLUE','30', 1);
INSERT INTO PROD_OPTION(PROD_NO, PROD_ID, PROD_COLOR, PROD_SIZE, PROD_STOCK) values ('222','1095','DARKBLUE','31', 1);
INSERT INTO PROD_OPTION(PROD_NO, PROD_ID, PROD_COLOR, PROD_SIZE, PROD_STOCK) values ('222','1096','DARKBLUE','32', 1);
INSERT INTO PROD_OPTION(PROD_NO, PROD_ID, PROD_COLOR, PROD_SIZE, PROD_STOCK) values ('223','1097','INDUSTRIAL','28', 1);
INSERT INTO PROD_OPTION(PROD_NO, PROD_ID, PROD_COLOR, PROD_SIZE, PROD_STOCK) values ('223','1098','INDUSTRIAL','29', 1);
INSERT INTO PROD_OPTION(PROD_NO, PROD_ID, PROD_COLOR, PROD_SIZE, PROD_STOCK) values ('223','1099','INDUSTRIAL','30', 1);
INSERT INTO PROD_OPTION(PROD_NO, PROD_ID, PROD_COLOR, PROD_SIZE, PROD_STOCK) values ('223','1100','INDUSTRIAL','31', 1);
INSERT INTO PROD_OPTION(PROD_NO, PROD_ID, PROD_COLOR, PROD_SIZE, PROD_STOCK) values ('223','1101','INDUSTRIAL','32', 1);
INSERT INTO PROD_OPTION(PROD_NO, PROD_ID, PROD_COLOR, PROD_SIZE, PROD_STOCK) values ('224','1102','OCHRE','28', 1);
INSERT INTO PROD_OPTION(PROD_NO, PROD_ID, PROD_COLOR, PROD_SIZE, PROD_STOCK) values ('224','1103','OCHRE','29', 1);
INSERT INTO PROD_OPTION(PROD_NO, PROD_ID, PROD_COLOR, PROD_SIZE, PROD_STOCK) values ('224','1104','OCHRE','30', 1);
INSERT INTO PROD_OPTION(PROD_NO, PROD_ID, PROD_COLOR, PROD_SIZE, PROD_STOCK) values ('224','1105','OCHRE','31', 1);
INSERT INTO PROD_OPTION(PROD_NO, PROD_ID, PROD_COLOR, PROD_SIZE, PROD_STOCK) values ('224','1106','OCHRE','32', 1);
INSERT INTO PROD_OPTION(PROD_NO, PROD_ID, PROD_COLOR, PROD_SIZE, PROD_STOCK) values ('228','1107','ONE','FREE', 1);
INSERT INTO PROD_OPTION(PROD_NO, PROD_ID, PROD_COLOR, PROD_SIZE, PROD_STOCK) values ('229','1108','ONE','FREE', 1);
INSERT INTO PROD_OPTION(PROD_NO, PROD_ID, PROD_COLOR, PROD_SIZE, PROD_STOCK) values ('230','1109','ONE','FREE', 1);
INSERT INTO PROD_OPTION(PROD_NO, PROD_ID, PROD_COLOR, PROD_SIZE, PROD_STOCK) values ('231','1110','ONE','FREE', 1);
INSERT INTO PROD_OPTION(PROD_NO, PROD_ID, PROD_COLOR, PROD_SIZE, PROD_STOCK) values ('232','1111','ONE','FREE', 1);
INSERT INTO PROD_OPTION(PROD_NO, PROD_ID, PROD_COLOR, PROD_SIZE, PROD_STOCK) values ('233','1112','ONE','FREE', 1);
INSERT INTO PROD_OPTION(PROD_NO, PROD_ID, PROD_COLOR, PROD_SIZE, PROD_STOCK) values ('234','1113','RED','FREE', 1);
INSERT INTO PROD_OPTION(PROD_NO, PROD_ID, PROD_COLOR, PROD_SIZE, PROD_STOCK) values ('234','1114','ORANGE','FREE', 1);
INSERT INTO PROD_OPTION(PROD_NO, PROD_ID, PROD_COLOR, PROD_SIZE, PROD_STOCK) values ('234','1115','YELLOW','FREE', 1);
INSERT INTO PROD_OPTION(PROD_NO, PROD_ID, PROD_COLOR, PROD_SIZE, PROD_STOCK) values ('234','1116','GREEN','FREE', 1);
INSERT INTO PROD_OPTION(PROD_NO, PROD_ID, PROD_COLOR, PROD_SIZE, PROD_STOCK) values ('234','1117','BLUE','FREE', 1);
INSERT INTO PROD_OPTION(PROD_NO, PROD_ID, PROD_COLOR, PROD_SIZE, PROD_STOCK) values ('234','1118','PINK','FREE', 1);
INSERT INTO PROD_OPTION(PROD_NO, PROD_ID, PROD_COLOR, PROD_SIZE, PROD_STOCK) values ('235','1119','WHITE','FREE', 1);
INSERT INTO PROD_OPTION(PROD_NO, PROD_ID, PROD_COLOR, PROD_SIZE, PROD_STOCK) values ('235','1120','YELLOW','FREE', 1);
INSERT INTO PROD_OPTION(PROD_NO, PROD_ID, PROD_COLOR, PROD_SIZE, PROD_STOCK) values ('235','1121','ORANGE','FREE', 1);
INSERT INTO PROD_OPTION(PROD_NO, PROD_ID, PROD_COLOR, PROD_SIZE, PROD_STOCK) values ('235','1122','RED','FREE', 1);
INSERT INTO PROD_OPTION(PROD_NO, PROD_ID, PROD_COLOR, PROD_SIZE, PROD_STOCK) values ('235','1123','BLUE','FREE', 1);
INSERT INTO PROD_OPTION(PROD_NO, PROD_ID, PROD_COLOR, PROD_SIZE, PROD_STOCK) values ('236','1124','BLACK','FREE', 1);
INSERT INTO PROD_OPTION(PROD_NO, PROD_ID, PROD_COLOR, PROD_SIZE, PROD_STOCK) values ('246','1125','ONE','FREE', 1);
INSERT INTO PROD_OPTION(PROD_NO, PROD_ID, PROD_COLOR, PROD_SIZE, PROD_STOCK) values ('247','1126','ONE','FREE', 1);
INSERT INTO PROD_OPTION(PROD_NO, PROD_ID, PROD_COLOR, PROD_SIZE, PROD_STOCK) values ('248','1127','ONE','FREE', 1);
INSERT INTO PROD_OPTION(PROD_NO, PROD_ID, PROD_COLOR, PROD_SIZE, PROD_STOCK) values ('249','1128','ONE','FREE', 1);
INSERT INTO PROD_OPTION(PROD_NO, PROD_ID, PROD_COLOR, PROD_SIZE, PROD_STOCK) values ('250','1129','ONE','FREE', 1);
INSERT INTO PROD_OPTION(PROD_NO, PROD_ID, PROD_COLOR, PROD_SIZE, PROD_STOCK) values ('251','1130','ONE','FREE', 1);
INSERT INTO PROD_OPTION(PROD_NO, PROD_ID, PROD_COLOR, PROD_SIZE, PROD_STOCK) values ('252','1131','ONE','FREE', 1);
INSERT INTO PROD_OPTION(PROD_NO, PROD_ID, PROD_COLOR, PROD_SIZE, PROD_STOCK) values ('253','1132','ONE','FREE', 1);
INSERT INTO PROD_OPTION(PROD_NO, PROD_ID, PROD_COLOR, PROD_SIZE, PROD_STOCK) values ('254','1133','ONE','FREE', 1);


--QNA


Insert into QNA (QNA_NO,CATD_NO,QNA_SEQ_NO,ACC_NO,QNA_FRONT_IMG,QNA_TITLE,QNA_CONTENT,QNA_CON_COUNT,QNA_REGDATE,QNA_RE_YN,QNA_VIEWCOUNT,QNA_PNO) values (100,14,1000,100,null,'테스트글 1','테스트글 1 내용',0,to_date('13/03/15','RR/MM/DD'),'N',0,100);
Insert into QNA (QNA_NO,CATD_NO,QNA_SEQ_NO,ACC_NO,QNA_FRONT_IMG,QNA_TITLE,QNA_CONTENT,QNA_CON_COUNT,QNA_REGDATE,QNA_RE_YN,QNA_VIEWCOUNT,QNA_PNO) values (101,14,1000,100,null,'테스트글 2','테스트글 2 내용',0,to_date('13/03/16','RR/MM/DD'),'N',0,101);
Insert into QNA (QNA_NO,CATD_NO,QNA_SEQ_NO,ACC_NO,QNA_FRONT_IMG,QNA_TITLE,QNA_CONTENT,QNA_CON_COUNT,QNA_REGDATE,QNA_RE_YN,QNA_VIEWCOUNT,QNA_PNO) values (102,14,1000,100,null,'테스트글 3','테스트글 3 내용',0,to_date('13/03/17','RR/MM/DD'),'N',0,102);
Insert into QNA (QNA_NO,CATD_NO,QNA_SEQ_NO,ACC_NO,QNA_FRONT_IMG,QNA_TITLE,QNA_CONTENT,QNA_CON_COUNT,QNA_REGDATE,QNA_RE_YN,QNA_VIEWCOUNT,QNA_PNO) values (103,14,1000,100,null,'테스트글 4','테스트글 4 내용',0,to_date('13/03/18','RR/MM/DD'),'N',0,103);
Insert into QNA (QNA_NO,CATD_NO,QNA_SEQ_NO,ACC_NO,QNA_FRONT_IMG,QNA_TITLE,QNA_CONTENT,QNA_CON_COUNT,QNA_REGDATE,QNA_RE_YN,QNA_VIEWCOUNT,QNA_PNO) values (104,14,1000,100,null,'테스트글 5','테스트글 5 내용',0,to_date('13/03/19','RR/MM/DD'),'N',0,104);
Insert into QNA (QNA_NO,CATD_NO,QNA_SEQ_NO,ACC_NO,QNA_FRONT_IMG,QNA_TITLE,QNA_CONTENT,QNA_CON_COUNT,QNA_REGDATE,QNA_RE_YN,QNA_VIEWCOUNT,QNA_PNO) values (105,14,1000,100,null,'테스트글 6','테스트글 6 내용',0,to_date('13/03/20','RR/MM/DD'),'N',0,105);
Insert into QNA (QNA_NO,CATD_NO,QNA_SEQ_NO,ACC_NO,QNA_FRONT_IMG,QNA_TITLE,QNA_CONTENT,QNA_CON_COUNT,QNA_REGDATE,QNA_RE_YN,QNA_VIEWCOUNT,QNA_PNO) values (106,14,1000,100,null,'테스트글 7','테스트글 7 내용',0,to_date('13/03/21','RR/MM/DD'),'N',0,106);
Insert into QNA (QNA_NO,CATD_NO,QNA_SEQ_NO,ACC_NO,QNA_FRONT_IMG,QNA_TITLE,QNA_CONTENT,QNA_CON_COUNT,QNA_REGDATE,QNA_RE_YN,QNA_VIEWCOUNT,QNA_PNO) values (107,14,1000,100,null,'테스트글 8','테스트글 8 내용',0,to_date('13/03/22','RR/MM/DD'),'N',0,107);
Insert into QNA (QNA_NO,CATD_NO,QNA_SEQ_NO,ACC_NO,QNA_FRONT_IMG,QNA_TITLE,QNA_CONTENT,QNA_CON_COUNT,QNA_REGDATE,QNA_RE_YN,QNA_VIEWCOUNT,QNA_PNO) values (108,14,1000,100,null,'테스트글 9','테스트글 9 내용',0,to_date('13/03/23','RR/MM/DD'),'N',0,108);
Insert into QNA (QNA_NO,CATD_NO,QNA_SEQ_NO,ACC_NO,QNA_FRONT_IMG,QNA_TITLE,QNA_CONTENT,QNA_CON_COUNT,QNA_REGDATE,QNA_RE_YN,QNA_VIEWCOUNT,QNA_PNO) values (109,14,1000,100,null,'테스트글 10','테스트글 10 내용',0,to_date('13/03/24','RR/MM/DD'),'N',0,109);
Insert into QNA (QNA_NO,CATD_NO,QNA_SEQ_NO,ACC_NO,QNA_FRONT_IMG,QNA_TITLE,QNA_CONTENT,QNA_CON_COUNT,QNA_REGDATE,QNA_RE_YN,QNA_VIEWCOUNT,QNA_PNO) values (110,14,1000,100,null,'테스트글 11','테스트글 11 내용',0,to_date('13/03/25','RR/MM/DD'),'N',0,110);
Insert into QNA (QNA_NO,CATD_NO,QNA_SEQ_NO,ACC_NO,QNA_FRONT_IMG,QNA_TITLE,QNA_CONTENT,QNA_CON_COUNT,QNA_REGDATE,QNA_RE_YN,QNA_VIEWCOUNT,QNA_PNO) values (111,14,1000,100,null,'테스트글 12','테스트글 12 내용',0,to_date('13/03/26','RR/MM/DD'),'N',0,111);
Insert into QNA (QNA_NO,CATD_NO,QNA_SEQ_NO,ACC_NO,QNA_FRONT_IMG,QNA_TITLE,QNA_CONTENT,QNA_CON_COUNT,QNA_REGDATE,QNA_RE_YN,QNA_VIEWCOUNT,QNA_PNO) values (112,14,1000,100,null,'테스트글 13','테스트글 13 내용',0,to_date('13/03/27','RR/MM/DD'),'N',0,112);
Insert into QNA (QNA_NO,CATD_NO,QNA_SEQ_NO,ACC_NO,QNA_FRONT_IMG,QNA_TITLE,QNA_CONTENT,QNA_CON_COUNT,QNA_REGDATE,QNA_RE_YN,QNA_VIEWCOUNT,QNA_PNO) values (113,14,1000,100,null,'테스트글 14','테스트글 14 내용',0,to_date('13/03/28','RR/MM/DD'),'N',0,113);
Insert into QNA (QNA_NO,CATD_NO,QNA_SEQ_NO,ACC_NO,QNA_FRONT_IMG,QNA_TITLE,QNA_CONTENT,QNA_CON_COUNT,QNA_REGDATE,QNA_RE_YN,QNA_VIEWCOUNT,QNA_PNO) values (114,14,1000,100,null,'테스트글 15','테스트글 15 내용',0,to_date('14/01/01','RR/MM/DD'),'N',0,114);
Insert into QNA (QNA_NO,CATD_NO,QNA_SEQ_NO,ACC_NO,QNA_FRONT_IMG,QNA_TITLE,QNA_CONTENT,QNA_CON_COUNT,QNA_REGDATE,QNA_RE_YN,QNA_VIEWCOUNT,QNA_PNO) values (115,14,1000,100,null,'테스트글 16','테스트글 16 내용',0,to_date('14/01/02','RR/MM/DD'),'N',0,115);
Insert into QNA (QNA_NO,CATD_NO,QNA_SEQ_NO,ACC_NO,QNA_FRONT_IMG,QNA_TITLE,QNA_CONTENT,QNA_CON_COUNT,QNA_REGDATE,QNA_RE_YN,QNA_VIEWCOUNT,QNA_PNO) values (116,14,1000,100,null,'테스트글 17','테스트글 17 내용',0,to_date('14/01/03','RR/MM/DD'),'N',0,116);
Insert into QNA (QNA_NO,CATD_NO,QNA_SEQ_NO,ACC_NO,QNA_FRONT_IMG,QNA_TITLE,QNA_CONTENT,QNA_CON_COUNT,QNA_REGDATE,QNA_RE_YN,QNA_VIEWCOUNT,QNA_PNO) values (117,14,1000,100,null,'테스트글 18','테스트글 18 내용',0,to_date('14/01/04','RR/MM/DD'),'N',0,117);
Insert into QNA (QNA_NO,CATD_NO,QNA_SEQ_NO,ACC_NO,QNA_FRONT_IMG,QNA_TITLE,QNA_CONTENT,QNA_CON_COUNT,QNA_REGDATE,QNA_RE_YN,QNA_VIEWCOUNT,QNA_PNO) values (118,14,1000,100,null,'테스트글 19','테스트글 19 내용',0,to_date('14/01/05','RR/MM/DD'),'N',0,118);
Insert into QNA (QNA_NO,CATD_NO,QNA_SEQ_NO,ACC_NO,QNA_FRONT_IMG,QNA_TITLE,QNA_CONTENT,QNA_CON_COUNT,QNA_REGDATE,QNA_RE_YN,QNA_VIEWCOUNT,QNA_PNO) values (119,14,1000,100,null,'테스트글 20','테스트글 20 내용',0,to_date('14/01/06','RR/MM/DD'),'N',0,119);
Insert into QNA (QNA_NO,CATD_NO,QNA_SEQ_NO,ACC_NO,QNA_FRONT_IMG,QNA_TITLE,QNA_CONTENT,QNA_CON_COUNT,QNA_REGDATE,QNA_RE_YN,QNA_VIEWCOUNT,QNA_PNO) values (120,14,1000,100,null,'테스트글 21','테스트글 21 내용',0,to_date('14/01/07','RR/MM/DD'),'N',0,120);
Insert into QNA (QNA_NO,CATD_NO,QNA_SEQ_NO,ACC_NO,QNA_FRONT_IMG,QNA_TITLE,QNA_CONTENT,QNA_CON_COUNT,QNA_REGDATE,QNA_RE_YN,QNA_VIEWCOUNT,QNA_PNO) values (121,14,1000,100,null,'테스트글 22','테스트글 22 내용',0,to_date('14/01/08','RR/MM/DD'),'N',0,121);
Insert into QNA (QNA_NO,CATD_NO,QNA_SEQ_NO,ACC_NO,QNA_FRONT_IMG,QNA_TITLE,QNA_CONTENT,QNA_CON_COUNT,QNA_REGDATE,QNA_RE_YN,QNA_VIEWCOUNT,QNA_PNO) values (122,14,1000,100,null,'테스트글 23','테스트글 23 내용',0,to_date('14/01/09','RR/MM/DD'),'N',0,122);
Insert into QNA (QNA_NO,CATD_NO,QNA_SEQ_NO,ACC_NO,QNA_FRONT_IMG,QNA_TITLE,QNA_CONTENT,QNA_CON_COUNT,QNA_REGDATE,QNA_RE_YN,QNA_VIEWCOUNT,QNA_PNO) values (123,14,1000,100,null,'테스트글 24','테스트글 24 내용',0,to_date('14/01/10','RR/MM/DD'),'N',0,123);
Insert into QNA (QNA_NO,CATD_NO,QNA_SEQ_NO,ACC_NO,QNA_FRONT_IMG,QNA_TITLE,QNA_CONTENT,QNA_CON_COUNT,QNA_REGDATE,QNA_RE_YN,QNA_VIEWCOUNT,QNA_PNO) values (124,14,1000,100,null,'테스트글 25','테스트글 25 내용',0,to_date('14/01/11','RR/MM/DD'),'N',0,124);
Insert into QNA (QNA_NO,CATD_NO,QNA_SEQ_NO,ACC_NO,QNA_FRONT_IMG,QNA_TITLE,QNA_CONTENT,QNA_CON_COUNT,QNA_REGDATE,QNA_RE_YN,QNA_VIEWCOUNT,QNA_PNO) values (125,14,1000,100,null,'테스트글 26','테스트글 26 내용',0,to_date('14/01/12','RR/MM/DD'),'N',0,125);
Insert into QNA (QNA_NO,CATD_NO,QNA_SEQ_NO,ACC_NO,QNA_FRONT_IMG,QNA_TITLE,QNA_CONTENT,QNA_CON_COUNT,QNA_REGDATE,QNA_RE_YN,QNA_VIEWCOUNT,QNA_PNO) values (126,14,1000,100,null,'테스트글 27','테스트글 27 내용',0,to_date('14/01/13','RR/MM/DD'),'N',0,126);
Insert into QNA (QNA_NO,CATD_NO,QNA_SEQ_NO,ACC_NO,QNA_FRONT_IMG,QNA_TITLE,QNA_CONTENT,QNA_CON_COUNT,QNA_REGDATE,QNA_RE_YN,QNA_VIEWCOUNT,QNA_PNO) values (127,14,1000,100,null,'테스트글 28','테스트글 28 내용',0,to_date('14/01/14','RR/MM/DD'),'N',0,127);
Insert into QNA (QNA_NO,CATD_NO,QNA_SEQ_NO,ACC_NO,QNA_FRONT_IMG,QNA_TITLE,QNA_CONTENT,QNA_CON_COUNT,QNA_REGDATE,QNA_RE_YN,QNA_VIEWCOUNT,QNA_PNO) values (128,14,1000,100,null,'테스트글 29','테스트글 29 내용',0,to_date('14/01/15','RR/MM/DD'),'N',0,128);
Insert into QNA (QNA_NO,CATD_NO,QNA_SEQ_NO,ACC_NO,QNA_FRONT_IMG,QNA_TITLE,QNA_CONTENT,QNA_CON_COUNT,QNA_REGDATE,QNA_RE_YN,QNA_VIEWCOUNT,QNA_PNO) values (129,14,1000,100,null,'테스트글 30','테스트글 30 내용',0,to_date('14/01/16','RR/MM/DD'),'N',0,129);
Insert into QNA (QNA_NO,CATD_NO,QNA_SEQ_NO,ACC_NO,QNA_FRONT_IMG,QNA_TITLE,QNA_CONTENT,QNA_CON_COUNT,QNA_REGDATE,QNA_RE_YN,QNA_VIEWCOUNT,QNA_PNO) values (130,14,1000,100,null,'테스트글 31','테스트글 31 내용',0,to_date('14/01/17','RR/MM/DD'),'N',0,130);
Insert into QNA (QNA_NO,CATD_NO,QNA_SEQ_NO,ACC_NO,QNA_FRONT_IMG,QNA_TITLE,QNA_CONTENT,QNA_CON_COUNT,QNA_REGDATE,QNA_RE_YN,QNA_VIEWCOUNT,QNA_PNO) values (131,14,1000,100,null,'테스트글 32','테스트글 32 내용',0,to_date('14/01/18','RR/MM/DD'),'N',0,131);
Insert into QNA (QNA_NO,CATD_NO,QNA_SEQ_NO,ACC_NO,QNA_FRONT_IMG,QNA_TITLE,QNA_CONTENT,QNA_CON_COUNT,QNA_REGDATE,QNA_RE_YN,QNA_VIEWCOUNT,QNA_PNO) values (132,14,1000,100,null,'테스트글 33','테스트글 33 내용',0,to_date('14/01/19','RR/MM/DD'),'N',0,132);
Insert into QNA (QNA_NO,CATD_NO,QNA_SEQ_NO,ACC_NO,QNA_FRONT_IMG,QNA_TITLE,QNA_CONTENT,QNA_CON_COUNT,QNA_REGDATE,QNA_RE_YN,QNA_VIEWCOUNT,QNA_PNO) values (133,14,1000,100,null,'테스트글 34','테스트글 34 내용',0,to_date('14/01/20','RR/MM/DD'),'N',0,133);
Insert into QNA (QNA_NO,CATD_NO,QNA_SEQ_NO,ACC_NO,QNA_FRONT_IMG,QNA_TITLE,QNA_CONTENT,QNA_CON_COUNT,QNA_REGDATE,QNA_RE_YN,QNA_VIEWCOUNT,QNA_PNO) values (134,14,1000,100,null,'테스트글 35','테스트글 35 내용',0,to_date('14/01/21','RR/MM/DD'),'N',0,134);
Insert into QNA (QNA_NO,CATD_NO,QNA_SEQ_NO,ACC_NO,QNA_FRONT_IMG,QNA_TITLE,QNA_CONTENT,QNA_CON_COUNT,QNA_REGDATE,QNA_RE_YN,QNA_VIEWCOUNT,QNA_PNO) values (135,14,1000,100,null,'테스트글 36','테스트글 36 내용',0,to_date('14/01/22','RR/MM/DD'),'N',0,135);
Insert into QNA (QNA_NO,CATD_NO,QNA_SEQ_NO,ACC_NO,QNA_FRONT_IMG,QNA_TITLE,QNA_CONTENT,QNA_CON_COUNT,QNA_REGDATE,QNA_RE_YN,QNA_VIEWCOUNT,QNA_PNO) values (136,14,1000,100,null,'테스트글 37','테스트글 37 내용',0,to_date('14/01/23','RR/MM/DD'),'N',0,136);
Insert into QNA (QNA_NO,CATD_NO,QNA_SEQ_NO,ACC_NO,QNA_FRONT_IMG,QNA_TITLE,QNA_CONTENT,QNA_CON_COUNT,QNA_REGDATE,QNA_RE_YN,QNA_VIEWCOUNT,QNA_PNO) values (137,14,1000,100,null,'테스트글 38','테스트글 38 내용',0,to_date('14/01/24','RR/MM/DD'),'N',0,137);
Insert into QNA (QNA_NO,CATD_NO,QNA_SEQ_NO,ACC_NO,QNA_FRONT_IMG,QNA_TITLE,QNA_CONTENT,QNA_CON_COUNT,QNA_REGDATE,QNA_RE_YN,QNA_VIEWCOUNT,QNA_PNO) values (138,14,1000,100,null,'테스트글 39','테스트글 39 내용',0,to_date('14/01/25','RR/MM/DD'),'N',0,138);
Insert into QNA (QNA_NO,CATD_NO,QNA_SEQ_NO,ACC_NO,QNA_FRONT_IMG,QNA_TITLE,QNA_CONTENT,QNA_CON_COUNT,QNA_REGDATE,QNA_RE_YN,QNA_VIEWCOUNT,QNA_PNO) values (139,14,1000,100,null,'테스트글 40','테스트글 40 내용',0,to_date('14/01/26','RR/MM/DD'),'N',0,139);
Insert into QNA (QNA_NO,CATD_NO,QNA_SEQ_NO,ACC_NO,QNA_FRONT_IMG,QNA_TITLE,QNA_CONTENT,QNA_CON_COUNT,QNA_REGDATE,QNA_RE_YN,QNA_VIEWCOUNT,QNA_PNO) values (140,14,1000,100,null,'테스트글 41','테스트글 41 내용',0,to_date('18/06/01','RR/MM/DD'),'N',0,140);
Insert into QNA (QNA_NO,CATD_NO,QNA_SEQ_NO,ACC_NO,QNA_FRONT_IMG,QNA_TITLE,QNA_CONTENT,QNA_CON_COUNT,QNA_REGDATE,QNA_RE_YN,QNA_VIEWCOUNT,QNA_PNO) values (141,14,1000,100,null,'테스트글 42','테스트글 42 내용',0,to_date('18/06/02','RR/MM/DD'),'N',0,141);
Insert into QNA (QNA_NO,CATD_NO,QNA_SEQ_NO,ACC_NO,QNA_FRONT_IMG,QNA_TITLE,QNA_CONTENT,QNA_CON_COUNT,QNA_REGDATE,QNA_RE_YN,QNA_VIEWCOUNT,QNA_PNO) values (142,14,1000,100,null,'테스트글 43','테스트글 43 내용',0,to_date('18/06/03','RR/MM/DD'),'N',0,142);
Insert into QNA (QNA_NO,CATD_NO,QNA_SEQ_NO,ACC_NO,QNA_FRONT_IMG,QNA_TITLE,QNA_CONTENT,QNA_CON_COUNT,QNA_REGDATE,QNA_RE_YN,QNA_VIEWCOUNT,QNA_PNO) values (143,14,1000,100,null,'테스트글 44','테스트글 44 내용',0,to_date('18/06/04','RR/MM/DD'),'N',0,143);
Insert into QNA (QNA_NO,CATD_NO,QNA_SEQ_NO,ACC_NO,QNA_FRONT_IMG,QNA_TITLE,QNA_CONTENT,QNA_CON_COUNT,QNA_REGDATE,QNA_RE_YN,QNA_VIEWCOUNT,QNA_PNO) values (144,14,1000,100,null,'테스트글 45','테스트글 45 내용',0,to_date('18/06/05','RR/MM/DD'),'N',0,144);
Insert into QNA (QNA_NO,CATD_NO,QNA_SEQ_NO,ACC_NO,QNA_FRONT_IMG,QNA_TITLE,QNA_CONTENT,QNA_CON_COUNT,QNA_REGDATE,QNA_RE_YN,QNA_VIEWCOUNT,QNA_PNO) values (145,14,1000,100,null,'테스트글 46','테스트글 46 내용',0,to_date('18/06/06','RR/MM/DD'),'N',0,145);
Insert into QNA (QNA_NO,CATD_NO,QNA_SEQ_NO,ACC_NO,QNA_FRONT_IMG,QNA_TITLE,QNA_CONTENT,QNA_CON_COUNT,QNA_REGDATE,QNA_RE_YN,QNA_VIEWCOUNT,QNA_PNO) values (146,14,1000,100,null,'테스트글 47','테스트글 47 내용',0,to_date('18/06/07','RR/MM/DD'),'N',0,146);
Insert into QNA (QNA_NO,CATD_NO,QNA_SEQ_NO,ACC_NO,QNA_FRONT_IMG,QNA_TITLE,QNA_CONTENT,QNA_CON_COUNT,QNA_REGDATE,QNA_RE_YN,QNA_VIEWCOUNT,QNA_PNO) values (147,14,1000,100,null,'테스트글 48','테스트글 48 내용',0,to_date('18/06/08','RR/MM/DD'),'N',0,147);
Insert into QNA (QNA_NO,CATD_NO,QNA_SEQ_NO,ACC_NO,QNA_FRONT_IMG,QNA_TITLE,QNA_CONTENT,QNA_CON_COUNT,QNA_REGDATE,QNA_RE_YN,QNA_VIEWCOUNT,QNA_PNO) values (148,14,1000,100,null,'테스트글 49','테스트글 49 내용',0,to_date('18/06/09','RR/MM/DD'),'N',0,148);
Insert into QNA (QNA_NO,CATD_NO,QNA_SEQ_NO,ACC_NO,QNA_FRONT_IMG,QNA_TITLE,QNA_CONTENT,QNA_CON_COUNT,QNA_REGDATE,QNA_RE_YN,QNA_VIEWCOUNT,QNA_PNO) values (149,14,1000,100,null,'테스트글 50','테스트글 50 내용',0,to_date('18/06/10','RR/MM/DD'),'N',0,149);
Insert into QNA (QNA_NO,CATD_NO,QNA_SEQ_NO,ACC_NO,QNA_FRONT_IMG,QNA_TITLE,QNA_CONTENT,QNA_CON_COUNT,QNA_REGDATE,QNA_RE_YN,QNA_VIEWCOUNT,QNA_PNO) values (150,14,1000,100,null,'테스트글 51','테스트글 51 내용',0,to_date('18/06/11','RR/MM/DD'),'N',0,150);
Insert into QNA (QNA_NO,CATD_NO,QNA_SEQ_NO,ACC_NO,QNA_FRONT_IMG,QNA_TITLE,QNA_CONTENT,QNA_CON_COUNT,QNA_REGDATE,QNA_RE_YN,QNA_VIEWCOUNT,QNA_PNO) values (151,14,1000,100,null,'테스트글 52','테스트글 52 내용',0,to_date('18/06/12','RR/MM/DD'),'N',0,151);
Insert into QNA (QNA_NO,CATD_NO,QNA_SEQ_NO,ACC_NO,QNA_FRONT_IMG,QNA_TITLE,QNA_CONTENT,QNA_CON_COUNT,QNA_REGDATE,QNA_RE_YN,QNA_VIEWCOUNT,QNA_PNO) values (152,14,1000,100,null,'테스트글 53','테스트글 53 내용',0,to_date('18/06/13','RR/MM/DD'),'N',0,152);
Insert into QNA (QNA_NO,CATD_NO,QNA_SEQ_NO,ACC_NO,QNA_FRONT_IMG,QNA_TITLE,QNA_CONTENT,QNA_CON_COUNT,QNA_REGDATE,QNA_RE_YN,QNA_VIEWCOUNT,QNA_PNO) values (153,14,1000,100,null,'테스트글 54','테스트글 54 내용',0,to_date('18/06/14','RR/MM/DD'),'N',0,153);
Insert into QNA (QNA_NO,CATD_NO,QNA_SEQ_NO,ACC_NO,QNA_FRONT_IMG,QNA_TITLE,QNA_CONTENT,QNA_CON_COUNT,QNA_REGDATE,QNA_RE_YN,QNA_VIEWCOUNT,QNA_PNO) values (154,14,1000,100,null,'테스트글 55','테스트글 55 내용',0,to_date('18/06/15','RR/MM/DD'),'N',0,154);
Insert into QNA (QNA_NO,CATD_NO,QNA_SEQ_NO,ACC_NO,QNA_FRONT_IMG,QNA_TITLE,QNA_CONTENT,QNA_CON_COUNT,QNA_REGDATE,QNA_RE_YN,QNA_VIEWCOUNT,QNA_PNO) values (155,14,1000,100,null,'테스트글 56','테스트글 56 내용',0,to_date('18/06/16','RR/MM/DD'),'N',0,155);
Insert into QNA (QNA_NO,CATD_NO,QNA_SEQ_NO,ACC_NO,QNA_FRONT_IMG,QNA_TITLE,QNA_CONTENT,QNA_CON_COUNT,QNA_REGDATE,QNA_RE_YN,QNA_VIEWCOUNT,QNA_PNO) values (156,14,1000,100,null,'테스트글 57','테스트글 57 내용',0,to_date('18/06/17','RR/MM/DD'),'N',0,156);
Insert into QNA (QNA_NO,CATD_NO,QNA_SEQ_NO,ACC_NO,QNA_FRONT_IMG,QNA_TITLE,QNA_CONTENT,QNA_CON_COUNT,QNA_REGDATE,QNA_RE_YN,QNA_VIEWCOUNT,QNA_PNO) values (157,14,1000,100,null,'테스트글 58','테스트글 58 내용',0,to_date('18/06/18','RR/MM/DD'),'N',0,157);
Insert into QNA (QNA_NO,CATD_NO,QNA_SEQ_NO,ACC_NO,QNA_FRONT_IMG,QNA_TITLE,QNA_CONTENT,QNA_CON_COUNT,QNA_REGDATE,QNA_RE_YN,QNA_VIEWCOUNT,QNA_PNO) values (158,14,1000,100,null,'테스트글 59','테스트글 59 내용',0,to_date('18/06/19','RR/MM/DD'),'N',0,158);
Insert into QNA (QNA_NO,CATD_NO,QNA_SEQ_NO,ACC_NO,QNA_FRONT_IMG,QNA_TITLE,QNA_CONTENT,QNA_CON_COUNT,QNA_REGDATE,QNA_RE_YN,QNA_VIEWCOUNT,QNA_PNO) values (159,14,1000,100,null,'테스트글 60','테스트글 60 내용',0,to_date('18/06/20','RR/MM/DD'),'N',0,159);
Insert into QNA (QNA_NO,CATD_NO,QNA_SEQ_NO,ACC_NO,QNA_FRONT_IMG,QNA_TITLE,QNA_CONTENT,QNA_CON_COUNT,QNA_REGDATE,QNA_RE_YN,QNA_VIEWCOUNT,QNA_PNO) values (160,14,1000,100,null,'테스트글 61','테스트글 61 내용',0,to_date('18/06/21','RR/MM/DD'),'N',0,160);
Insert into QNA (QNA_NO,CATD_NO,QNA_SEQ_NO,ACC_NO,QNA_FRONT_IMG,QNA_TITLE,QNA_CONTENT,QNA_CON_COUNT,QNA_REGDATE,QNA_RE_YN,QNA_VIEWCOUNT,QNA_PNO) values (161,14,1000,100,null,'테스트글 62','테스트글 62 내용',0,to_date('18/06/22','RR/MM/DD'),'N',0,161);
Insert into QNA (QNA_NO,CATD_NO,QNA_SEQ_NO,ACC_NO,QNA_FRONT_IMG,QNA_TITLE,QNA_CONTENT,QNA_CON_COUNT,QNA_REGDATE,QNA_RE_YN,QNA_VIEWCOUNT,QNA_PNO) values (162,14,1000,100,null,'테스트글 63','테스트글 63 내용',0,to_date('18/06/23','RR/MM/DD'),'N',0,162);
Insert into QNA (QNA_NO,CATD_NO,QNA_SEQ_NO,ACC_NO,QNA_FRONT_IMG,QNA_TITLE,QNA_CONTENT,QNA_CON_COUNT,QNA_REGDATE,QNA_RE_YN,QNA_VIEWCOUNT,QNA_PNO) values (163,14,1000,100,null,'테스트글 64','테스트글 64 내용',0,to_date('18/06/24','RR/MM/DD'),'N',0,163);
Insert into QNA (QNA_NO,CATD_NO,QNA_SEQ_NO,ACC_NO,QNA_FRONT_IMG,QNA_TITLE,QNA_CONTENT,QNA_CON_COUNT,QNA_REGDATE,QNA_RE_YN,QNA_VIEWCOUNT,QNA_PNO) values (164,14,1000,100,null,'테스트글 65','테스트글 65 내용',0,to_date('18/06/25','RR/MM/DD'),'N',0,164);
Insert into QNA (QNA_NO,CATD_NO,QNA_SEQ_NO,ACC_NO,QNA_FRONT_IMG,QNA_TITLE,QNA_CONTENT,QNA_CON_COUNT,QNA_REGDATE,QNA_RE_YN,QNA_VIEWCOUNT,QNA_PNO) values (165,14,1000,100,null,'테스트글 66','테스트글 66 내용',0,to_date('18/06/26','RR/MM/DD'),'N',0,165);
Insert into QNA (QNA_NO,CATD_NO,QNA_SEQ_NO,ACC_NO,QNA_FRONT_IMG,QNA_TITLE,QNA_CONTENT,QNA_CON_COUNT,QNA_REGDATE,QNA_RE_YN,QNA_VIEWCOUNT,QNA_PNO) values (166,14,1000,100,null,'테스트글 67','테스트글 67 내용',0,to_date('19/08/01','RR/MM/DD'),'N',0,166);
Insert into QNA (QNA_NO,CATD_NO,QNA_SEQ_NO,ACC_NO,QNA_FRONT_IMG,QNA_TITLE,QNA_CONTENT,QNA_CON_COUNT,QNA_REGDATE,QNA_RE_YN,QNA_VIEWCOUNT,QNA_PNO) values (167,14,1000,100,null,'테스트글 68','테스트글 68 내용',0,to_date('19/08/02','RR/MM/DD'),'N',0,167);
Insert into QNA (QNA_NO,CATD_NO,QNA_SEQ_NO,ACC_NO,QNA_FRONT_IMG,QNA_TITLE,QNA_CONTENT,QNA_CON_COUNT,QNA_REGDATE,QNA_RE_YN,QNA_VIEWCOUNT,QNA_PNO) values (168,14,1000,100,null,'테스트글 69','테스트글 69 내용',0,to_date('19/08/03','RR/MM/DD'),'N',0,168);
Insert into QNA (QNA_NO,CATD_NO,QNA_SEQ_NO,ACC_NO,QNA_FRONT_IMG,QNA_TITLE,QNA_CONTENT,QNA_CON_COUNT,QNA_REGDATE,QNA_RE_YN,QNA_VIEWCOUNT,QNA_PNO) values (169,14,1000,100,null,'테스트글 70','테스트글 70 내용',0,to_date('19/08/04','RR/MM/DD'),'N',0,169);
Insert into QNA (QNA_NO,CATD_NO,QNA_SEQ_NO,ACC_NO,QNA_FRONT_IMG,QNA_TITLE,QNA_CONTENT,QNA_CON_COUNT,QNA_REGDATE,QNA_RE_YN,QNA_VIEWCOUNT,QNA_PNO) values (170,14,1000,100,null,'테스트글 71','테스트글 71 내용',0,to_date('19/08/05','RR/MM/DD'),'N',0,170);
Insert into QNA (QNA_NO,CATD_NO,QNA_SEQ_NO,ACC_NO,QNA_FRONT_IMG,QNA_TITLE,QNA_CONTENT,QNA_CON_COUNT,QNA_REGDATE,QNA_RE_YN,QNA_VIEWCOUNT,QNA_PNO) values (171,14,1000,100,null,'테스트글 72','테스트글 72 내용',0,to_date('19/08/06','RR/MM/DD'),'N',0,171);
Insert into QNA (QNA_NO,CATD_NO,QNA_SEQ_NO,ACC_NO,QNA_FRONT_IMG,QNA_TITLE,QNA_CONTENT,QNA_CON_COUNT,QNA_REGDATE,QNA_RE_YN,QNA_VIEWCOUNT,QNA_PNO) values (172,14,1000,100,null,'테스트글 73','테스트글 73 내용',0,to_date('19/08/07','RR/MM/DD'),'N',0,172);
Insert into QNA (QNA_NO,CATD_NO,QNA_SEQ_NO,ACC_NO,QNA_FRONT_IMG,QNA_TITLE,QNA_CONTENT,QNA_CON_COUNT,QNA_REGDATE,QNA_RE_YN,QNA_VIEWCOUNT,QNA_PNO) values (173,14,1000,100,null,'테스트글 74','테스트글 74 내용',0,to_date('19/08/08','RR/MM/DD'),'N',0,173);
Insert into QNA (QNA_NO,CATD_NO,QNA_SEQ_NO,ACC_NO,QNA_FRONT_IMG,QNA_TITLE,QNA_CONTENT,QNA_CON_COUNT,QNA_REGDATE,QNA_RE_YN,QNA_VIEWCOUNT,QNA_PNO) values (174,14,1000,100,null,'테스트글 75','테스트글 75 내용',0,to_date('19/08/09','RR/MM/DD'),'N',0,174);
Insert into QNA (QNA_NO,CATD_NO,QNA_SEQ_NO,ACC_NO,QNA_FRONT_IMG,QNA_TITLE,QNA_CONTENT,QNA_CON_COUNT,QNA_REGDATE,QNA_RE_YN,QNA_VIEWCOUNT,QNA_PNO) values (175,14,1000,100,null,'테스트글 76','테스트글 76 내용',0,to_date('19/08/10','RR/MM/DD'),'N',0,175);
Insert into QNA (QNA_NO,CATD_NO,QNA_SEQ_NO,ACC_NO,QNA_FRONT_IMG,QNA_TITLE,QNA_CONTENT,QNA_CON_COUNT,QNA_REGDATE,QNA_RE_YN,QNA_VIEWCOUNT,QNA_PNO) values (176,14,1000,100,null,'배송문의합니다','안녕하세요~ 다른곳하고 틀리게 주문서 오늘 넣었는데 핸드폰 문자 메세지가 안오네요.<\n>원래 그런건가요? 그냥입금하면 되는건지요.',0,to_date('13/03/15','RR/MM/DD'),'N',0,176);
Insert into QNA (QNA_NO,CATD_NO,QNA_SEQ_NO,ACC_NO,QNA_FRONT_IMG,QNA_TITLE,QNA_CONTENT,QNA_CON_COUNT,QNA_REGDATE,QNA_RE_YN,QNA_VIEWCOUNT,QNA_PNO) values (177,14,1000,100,null,'배송기간','밀라노 가죽배색 트렌치베이지 66사이즈 오늘 주문하면 배송이 언제쯤 되나요? 토요일에 입어야하는 옷이라 금요일까지 받을수 있을까요?<\n>상품문의 게시판에서 이동되었습니다.',0,to_date('17/06/04','RR/MM/DD'),'N',0,177);
Insert into QNA (QNA_NO,CATD_NO,QNA_SEQ_NO,ACC_NO,QNA_FRONT_IMG,QNA_TITLE,QNA_CONTENT,QNA_CON_COUNT,QNA_REGDATE,QNA_RE_YN,QNA_VIEWCOUNT,QNA_PNO) values (178,14,1000,100,null,'배송료문의','안녕하세요.. 오전에 의류 2벌 구매후 지금 막 가디건을 추가 구매했는데 혹시 묶음 배송 가능한가요? 그리고 이런경우 배송료는 한번만 적용될수 있나요?? 번거롭게해드려 좌송합니다. ㅠ ㅠ',0,to_date('17/09/04','RR/MM/DD'),'N',0,178);
Insert into QNA (QNA_NO,CATD_NO,QNA_SEQ_NO,ACC_NO,QNA_FRONT_IMG,QNA_TITLE,QNA_CONTENT,QNA_CON_COUNT,QNA_REGDATE,QNA_RE_YN,QNA_VIEWCOUNT,QNA_PNO) values (179,14,1000,100,null,'배송','목요일날 제주도 가는데 수요일까지 받을수 있나요? 제주도가서 입으려고 했는데 너무 늦으면 집에 사람도 없고..내일까지 배송 좀 부탁드립니다.',0,to_date('18/04/04','RR/MM/DD'),'N',0,179);
Insert into QNA (QNA_NO,CATD_NO,QNA_SEQ_NO,ACC_NO,QNA_FRONT_IMG,QNA_TITLE,QNA_CONTENT,QNA_CON_COUNT,QNA_REGDATE,QNA_RE_YN,QNA_VIEWCOUNT,QNA_PNO) values (180,14,1000,100,null,'배송상황을 확인을 해보니 아직 물품 미등록이라고 하는데..','어제 연락을 드려서 부탁까지 했던 부분인데..
오늘 송장번호로 대한통운에 전화해서 확인을 해보았더니 아직 접수미등록으로 물품을 받지 못한 상황이라고 하더라구요..',0,to_date('18/05/20','RR/MM/DD'),'N',0,180);
Insert into QNA (QNA_NO,CATD_NO,QNA_SEQ_NO,ACC_NO,QNA_FRONT_IMG,QNA_TITLE,QNA_CONTENT,QNA_CON_COUNT,QNA_REGDATE,QNA_RE_YN,QNA_VIEWCOUNT,QNA_PNO) values (181,14,1000,100,null,'배송여..','배송이 지연된다면 언제 된다는건가요. ..
금요일 주문했는데... 정확히 알려주세요',0,to_date('17/04/04','RR/MM/DD'),'N',2,181);
Insert into QNA (QNA_NO,CATD_NO,QNA_SEQ_NO,ACC_NO,QNA_FRONT_IMG,QNA_TITLE,QNA_CONTENT,QNA_CON_COUNT,QNA_REGDATE,QNA_RE_YN,QNA_VIEWCOUNT,QNA_PNO) values (182,14,1000,100,null,'배송기간','밀라노 가죽배색 트렌치베이지 66사이즈 오늘 주문하면 배송이 언제쯤 되나요? 토요일에 입어야하는 옷이라 금요일까지 받을수 있을까요?',0,to_date('17/05/05','RR/MM/DD'),'N',0,182);
Insert into QNA (QNA_NO,CATD_NO,QNA_SEQ_NO,ACC_NO,QNA_FRONT_IMG,QNA_TITLE,QNA_CONTENT,QNA_CON_COUNT,QNA_REGDATE,QNA_RE_YN,QNA_VIEWCOUNT,QNA_PNO) values (183,15,1000,100,null,'반품 신청','안내글 예제> 신규 게시글을 작성시에는, 반드시 회원ID를 적어 주세요!<\n>전화 상담 시간이 지나 게시판에 남깁니다.<\n>세 가지 제품을 주문했는데, 이 스커트만은 제게 잘 안 맞아요 ㅡㅜ<\n>어쩔 수 없이 반품시키겠습니다.',0,to_date('14/05/09','RR/MM/DD'),'N',1,183);
Insert into QNA (QNA_NO,CATD_NO,QNA_SEQ_NO,ACC_NO,QNA_FRONT_IMG,QNA_TITLE,QNA_CONTENT,QNA_CON_COUNT,QNA_REGDATE,QNA_RE_YN,QNA_VIEWCOUNT,QNA_PNO) values (184,15,1000,100,null,'결제 취소한거','이번달에 결제 금액으로 나오던데 언제 취소되는 건가요? 지난 물품 구매는 왜 안보이나요? 확인을 해야 하는데 안되네요…',0,to_date('12/02/27','RR/MM/DD'),'N',0,184);
Insert into QNA (QNA_NO,CATD_NO,QNA_SEQ_NO,ACC_NO,QNA_FRONT_IMG,QNA_TITLE,QNA_CONTENT,QNA_CON_COUNT,QNA_REGDATE,QNA_RE_YN,QNA_VIEWCOUNT,QNA_PNO) values (185,15,1000,100,null,'반품신청','구 클릭앤퍼니 사이트에서 구매한 상품 오늘 받았습니다
반품하려 합니다 반품접수해주세요
제가 대한통운에 직접 반품신청해야하나요?',0,to_date('12/02/28','RR/MM/DD'),'N',1,185);
Insert into QNA (QNA_NO,CATD_NO,QNA_SEQ_NO,ACC_NO,QNA_FRONT_IMG,QNA_TITLE,QNA_CONTENT,QNA_CON_COUNT,QNA_REGDATE,QNA_RE_YN,QNA_VIEWCOUNT,QNA_PNO) values (186,15,1000,100,null,'오선지스트라이프 니트.. 옆구리오바로크된곳이 다~튿어져서왔습니다..','전화도않받구~~!!!!!왼쪽옆구리에 오바로크가 잘못되어서..뻥뚫렸구요..크게입으려고 사이즈 77~88로 샀었는데... 77이라고 붙어잇네요..사이즈는 77까지는 아닙니다~..암턴 확인해주시고. 연락꼭주세요..우선 보낼까도생각해봤지만... 확인이되야가능한거같으니까요~~~~',0,to_date('12/03/01','RR/MM/DD'),'N',3,186);
Insert into QNA (QNA_NO,CATD_NO,QNA_SEQ_NO,ACC_NO,QNA_FRONT_IMG,QNA_TITLE,QNA_CONTENT,QNA_CON_COUNT,QNA_REGDATE,QNA_RE_YN,QNA_VIEWCOUNT,QNA_PNO) values (187,15,1000,100,null,'제품 취소하고 싶어요','조보배, jewelbobae, 010-9271-7881, 20120303002508-45702710522맘에 들어서 주문하긴 했는데,좀 더 생각해봐야 할 것 같아서요.
죄송하지만 주문 및 결제 취소 처리 부탁 드립니다.수고하세요.',0,to_date('12/03/03','RR/MM/DD'),'N',1,187);
Insert into QNA (QNA_NO,CATD_NO,QNA_SEQ_NO,ACC_NO,QNA_FRONT_IMG,QNA_TITLE,QNA_CONTENT,QNA_CON_COUNT,QNA_REGDATE,QNA_RE_YN,QNA_VIEWCOUNT,QNA_PNO) values (188,15,1000,100,null,'불량이왔어요…','상품명 : op1954/안젤리카 플랫카라 원피스 (블루)입니다. 상품을 22일날 받았습니다. 송장번호에는 2.20일이라 고 적혀있지만 받은날은 22일인가 23일 입니다. 송장번호 655-1068-694 이고 그날 받아서 집에 예쁘게 걸어놓고 ',0,to_date('12/02/28','RR/MM/DD'),'N',1,188);
Insert into QNA (QNA_NO,CATD_NO,QNA_SEQ_NO,ACC_NO,QNA_FRONT_IMG,QNA_TITLE,QNA_CONTENT,QNA_CON_COUNT,QNA_REGDATE,QNA_RE_YN,QNA_VIEWCOUNT,QNA_PNO) values (189,15,1000,100,null,'품절 문자 받았습니다.','안녕하세요? 주문자 유지현입니다.
주문하고 입금까지 하였는데
뒤늦게 품절이라는 문자를 받아서 좀 황당했네요..
홈페이지 리뉴얼때문에 그랬던 거라 생각은 드네요.',0,to_date('12/02/02','RR/MM/DD'),'N',0,189);
Insert into QNA (QNA_NO,CATD_NO,QNA_SEQ_NO,ACC_NO,QNA_FRONT_IMG,QNA_TITLE,QNA_CONTENT,QNA_CON_COUNT,QNA_REGDATE,QNA_RE_YN,QNA_VIEWCOUNT,QNA_PNO) values (190,16,1000,100,null,'사이즈 문의','아이디 : lll1004<\n>바스트가 좀있는데 스판기가 있는 소재인가요?<\n>가슴둘레 80이라고 했는데 제가 84이거든요? 입을수있는지요??',0,to_date('12/03/01','RR/MM/DD'),'N',1,190);
Insert into QNA (QNA_NO,CATD_NO,QNA_SEQ_NO,ACC_NO,QNA_FRONT_IMG,QNA_TITLE,QNA_CONTENT,QNA_CON_COUNT,QNA_REGDATE,QNA_RE_YN,QNA_VIEWCOUNT,QNA_PNO) values (191,16,1000,100,null,'색상문의','안내글 예제> 신규 게시글을 작성시에는, 반드시 회원ID를 적어 주세요!<\n>상세이미지상의 색상이랑 선택에 있는 옵션이랑 달라요.<\n>잘못 등록된건가요?<\n>아님 옵션에 있는 색이 있는건가요?',0,to_date('12/04/19','RR/MM/DD'),'N',0,191);
Insert into QNA (QNA_NO,CATD_NO,QNA_SEQ_NO,ACC_NO,QNA_FRONT_IMG,QNA_TITLE,QNA_CONTENT,QNA_CON_COUNT,QNA_REGDATE,QNA_RE_YN,QNA_VIEWCOUNT,QNA_PNO) values (192,16,1000,100,null,'사이즈요~','아뒤는 wine2001326인데요 어떻게 옷들이 다 80을 안 넘나요?><\n>사고 싶어도 살수가 없네요 -.- 전 브랜드 옷은  55에서 66사이 입거든요',0,to_date('12/03/09','RR/MM/DD'),'N',2,192);
Insert into QNA (QNA_NO,CATD_NO,QNA_SEQ_NO,ACC_NO,QNA_FRONT_IMG,QNA_TITLE,QNA_CONTENT,QNA_CON_COUNT,QNA_REGDATE,QNA_RE_YN,QNA_VIEWCOUNT,QNA_PNO) values (193,16,1000,100,null,'코디된 남방 옐로우는 어디에?','아이디: qlcskfk3 /옐로우라도 사고 픈데 못찾겠어요~ㅠ',0,to_date('19/01/09','RR/MM/DD'),'N',8,193);
Insert into QNA (QNA_NO,CATD_NO,QNA_SEQ_NO,ACC_NO,QNA_FRONT_IMG,QNA_TITLE,QNA_CONTENT,QNA_CON_COUNT,QNA_REGDATE,QNA_RE_YN,QNA_VIEWCOUNT,QNA_PNO) values (194,16,1000,100,null,'코디문의','코디된 바지랑 크림색 니트 안에 있는 나시티는 어떤건가요?',0,to_date('19/04/15','RR/MM/DD'),'N',8,194);
Insert into QNA (QNA_NO,CATD_NO,QNA_SEQ_NO,ACC_NO,QNA_FRONT_IMG,QNA_TITLE,QNA_CONTENT,QNA_CON_COUNT,QNA_REGDATE,QNA_RE_YN,QNA_VIEWCOUNT,QNA_PNO) values (195,16,1000,100,null,'질문있습니다.','어떤 색상이 많이 판매되나요??보통 짙은계열 옷위에 할거면 검정색상이 나을것 같은데.. 이제 봄이고 앞으로 하기엔 아이보리 색상이 나을것 같아서 고민되어 질문합니다.',0,to_date('12/03/14','RR/MM/DD'),'N',13,195);
Insert into QNA (QNA_NO,CATD_NO,QNA_SEQ_NO,ACC_NO,QNA_FRONT_IMG,QNA_TITLE,QNA_CONTENT,QNA_CON_COUNT,QNA_REGDATE,QNA_RE_YN,QNA_VIEWCOUNT,QNA_PNO) values (196,16,1000,100,null,'193 답글 수정','193 답글 내용 수정',0,to_date('12/03/14','RR/MM/DD'),'Y',0,193);
Insert into QNA (QNA_NO,CATD_NO,QNA_SEQ_NO,ACC_NO,QNA_FRONT_IMG,QNA_TITLE,QNA_CONTENT,QNA_CON_COUNT,QNA_REGDATE,QNA_RE_YN,QNA_VIEWCOUNT,QNA_PNO) values (197,14,0,1,'RECOREProduct/product/110/f_img.png','수정해서문의해볼게욤','<p>수정해서문의합니다.<b>ㅇ..</b></p><p>ㅎ.ㅎ<span style="color: rgb(255, 0, 0);">.ㅎ.</span></p><p><br></p>
												',0,to_date('19/12/30','RR/MM/DD'),'N',45,197);
Insert into QNA (QNA_NO,CATD_NO,QNA_SEQ_NO,ACC_NO,QNA_FRONT_IMG,QNA_TITLE,QNA_CONTENT,QNA_CON_COUNT,QNA_REGDATE,QNA_RE_YN,QNA_VIEWCOUNT,QNA_PNO) values (198,16,1000,1,null,'답글테스트ㅍ','<p>답글입니다.</p><p>1</p><p>2</p><p>3</p><p>4</p><p>ㅍ</p>
												',0,to_date('19/12/30','RR/MM/DD'),'Y',0,195);


--ORDER_NUM
Insert into ORDER_NUM (ORDER_NO,ACC_NO,ORDER_ZIPCODE,ORDER_ADDR,ORDER_ADDR2,ORDER_DATE,ORDER_POINT) values (1,100,'01111','경기도 용인시 역북동 724-7','우리집',to_date('19/12/23','RR/MM/DD'),0);


--PROD_ORDER
Insert into PROD_ORDER (ORDER_NO,PROD_ID,ORDER_AMOUNT,ORDER_PRICE,ORDER_TNO,ORDER_STATUS) values (1,1000,1,69000,'123412341234','입금완료');


--REVIEW

Insert into REVIEW (ORDER_NO,PROD_ID,REVIEW_TITLE,REVIEW_CONTENT,REVIEW_RATING,REVIEW_REGDATE) values (1,1000,'TEST','TEST',5,to_date('19/12/23','RR/MM/DD'));



--cart

INSERT INTO CART VALUES(100,1010,3);
INSERT INTO CART VALUES(100,1003,2);
INSERT INTO CART VALUES(100,1011,1);
INSERT INTO CART VALUES(100,1108,1);
INSERT INTO CART VALUES(100,1131,2);
INSERT INTO CART VALUES(100,1117,1);


--wish

Insert into WISH (ACC_NO,PROD_NO) values (100,100);
Insert into WISH (ACC_NO,PROD_NO) values (100,130);
Insert into WISH (ACC_NO,PROD_NO) values (100,150);
Insert into WISH (ACC_NO,PROD_NO) values (100,151);

--P_PM
Insert into P_PM (PPM_NO,PROD_ID,ACC_NO,PPM_IO,PPM_AMOUNT,PPM_DATE,PPM_NOTE) values (1,1000,1,'O',1,to_date('19/12/23','RR/MM/DD'),null);





COMMIT;

UPDATE ISSUE SET ISS_FRONT_IMG = 'f_img';
UPDATE ISSUE SET ISS_TH_IMG = 'th_img';
UPDATE ISSUE SET ISS_CONTENT = 'con_img';



/* 계정번호시퀀스 */
DROP SEQUENCE ACC_SEQ;

/* 이슈번호시퀀스 */
DROP SEQUENCE ISS_SEQ;

/* 상품번호시퀀스 */
DROP SEQUENCE PROD_SEQ;

/* 카테고리번호시퀀스 */
DROP SEQUENCE CATD_SEQ;

/* 펀딩번호시퀀스 */
DROP SEQUENCE FUND_SEQ;

/* 펀딩거래내역번호시퀀스 */
DROP SEQUENCE FPM_SEQ;

/* 상품입출력번호시퀀스 */
DROP SEQUENCE PPM_SEQ;

/* 장바구니번호시퀀스 */
DROP SEQUENCE CART_SEQ;

/* 주문번호시퀀스 */
DROP SEQUENCE ORDER_SEQ;

/* 리뷰번호시퀀스 */
DROP SEQUENCE REVIEW_SEQ;

/* 위시리스트번호시퀀스 */
DROP SEQUENCE WISH_SEQ;

/* 상품아이디시퀀스 */
DROP SEQUENCE PROD_ID_SEQ;

/* QNA글번호 시퀀스 */
DROP SEQUENCE QNA_SEQ;

/* 계정번호시퀀스 */
CREATE SEQUENCE ACC_SEQ 
	INCREMENT BY 1
	START WITH 500
    NOCACHE;

/* 이슈번호시퀀스 */
CREATE SEQUENCE ISS_SEQ 
	INCREMENT BY 1
	START WITH 600
    NOCACHE;

/* 상품번호시퀀스 */
CREATE SEQUENCE PROD_SEQ 
	INCREMENT BY 1
	START WITH 500
    NOCACHE;

/* 카테고리번호시퀀스 */
CREATE SEQUENCE CATD_SEQ 
	INCREMENT BY 1
	START WITH 100
    NOCACHE;

/* 펀딩번호시퀀스 */
CREATE SEQUENCE FUND_SEQ 
	INCREMENT BY 1
	START WITH 500
    NOCACHE;

/* 펀딩거래내역번호시퀀스 */
CREATE SEQUENCE FPM_SEQ 
	INCREMENT BY 1
	START WITH 100
    NOCACHE;

/* 상품입출력번호시퀀스 */
CREATE SEQUENCE PPM_SEQ 
	INCREMENT BY 1
	START WITH 1000
    NOCACHE;

/* 장바구니번호시퀀스 */
CREATE SEQUENCE CART_SEQ 
	INCREMENT BY 1
	START WITH 100
    NOCACHE;

/* 주문번호시퀀스 */
CREATE SEQUENCE ORDER_SEQ 
	INCREMENT BY 1
	START WITH 1000
    NOCACHE;

/* 리뷰번호시퀀스 */
CREATE SEQUENCE REVIEW_SEQ 
	INCREMENT BY 1
	START WITH 100
    NOCACHE;

/* 위시리스트번호시퀀스 */
CREATE SEQUENCE WISH_SEQ 
	INCREMENT BY 1
	START WITH 100
    NOCACHE;

/* 상품아이디시퀀스 */
CREATE SEQUENCE PROD_ID_SEQ 
	INCREMENT BY 1
	START WITH 2000
    NOCACHE;

/* QNA글번호 시퀀스 */
CREATE SEQUENCE QNA_SEQ 
	INCREMENT BY 1
	START WITH 500
    NOCACHE;

COMMIT;

ALTER TABLE REVIEW
	DROP
		CONSTRAINT FK_PROD_ORDER_TO_REVIEW
		CASCADE;

ALTER TABLE REVIEW
	DROP
		CONSTRAINT CK_REVIEW
		CASCADE;

ALTER TABLE REVIEW
	DROP
		UNIQUE (
		)
		CASCADE
		KEEP INDEX;

ALTER TABLE REVIEW
	DROP
		PRIMARY KEY
		CASCADE
		KEEP INDEX;

/* REVIEW */
DROP TABLE REVIEW 
	CASCADE CONSTRAINTS;

/* REVIEW */
CREATE TABLE REVIEW (
	ORDER_NO NUMBER NOT NULL, /* 주문번호SEQ */
	PROD_ID NUMBER NOT NULL, /* 상품아이디SEQ */
	REVIEW_TITLE VARCHAR2(500) NOT NULL, /* 제목 */
	REVIEW_CONTENT VARCHAR2(1000) NOT NULL, /* 내용 */
	REVIEW_RATING NUMBER NOT NULL, /* 평점 */
	REVIEW_REGDATE DATE NOT NULL, /* 작성날짜 */
	REVIEW_RECON VARCHAR2(4000) /* 답글 */
);

ALTER TABLE REVIEW
	ADD
		CONSTRAINT PK_REVIEW
		PRIMARY KEY (
			ORDER_NO,
			PROD_ID
		);



ALTER TABLE REVIEW
	ADD
		CONSTRAINT FK_PROD_ORDER_TO_REVIEW
		FOREIGN KEY (
			ORDER_NO,
			PROD_ID
		)
		REFERENCES PROD_ORDER (
			ORDER_NO,
			PROD_ID
		);
--REVIEW

Insert into REVIEW values (1,1000,'TEST','TEST',5,to_date('19/12/23','RR/MM/DD'),NULL);


Insert into ORDER_NUM (ORDER_NO,ACC_NO,ORDER_ZIPCODE,ORDER_ADDR,ORDER_ADDR2,ORDER_DATE,ORDER_POINT) values (2,100,'01111','경기도 용인시 역북동 724-7','우리집',to_date('19/12/23','RR/MM/DD'),3000);
Insert into ORDER_NUM (ORDER_NO,ACC_NO,ORDER_ZIPCODE,ORDER_ADDR,ORDER_ADDR2,ORDER_DATE,ORDER_POINT) values (3,100,'01111','경기도 용인시 역북동 724-7','우리집',to_date('19/12/23','RR/MM/DD'),1500);
Insert into ORDER_NUM (ORDER_NO,ACC_NO,ORDER_ZIPCODE,ORDER_ADDR,ORDER_ADDR2,ORDER_DATE,ORDER_POINT) values (4,100,'01111','경기도 용인시 역북동 724-7','우리집',to_date('19/12/23','RR/MM/DD'),5000);
INSERT INTO prod_order(ORDER_NO,PROD_ID,ORDER_AMOUNT,ORDER_PRICE,ORDER_TNO,ORDER_STATUS) values (2,1124,1,12000,'123412341234','입금완료');
INSERT INTO prod_order(ORDER_NO,PROD_ID,ORDER_AMOUNT,ORDER_PRICE,ORDER_TNO,ORDER_STATUS) values (2,1104,1,322000,'123412341234','입금완료');
INSERT INTO prod_order(ORDER_NO,PROD_ID,ORDER_AMOUNT,ORDER_PRICE,ORDER_TNO,ORDER_STATUS) values (2,1130,1,2000,'123412341234','입금완료');
Insert into PROD_ORDER (ORDER_NO,PROD_ID,ORDER_AMOUNT,ORDER_PRICE,ORDER_TNO,ORDER_STATUS) values (3,1003,1,49000,'123412341234','배송중');
Insert into PROD_ORDER (ORDER_NO,PROD_ID,ORDER_AMOUNT,ORDER_PRICE,ORDER_TNO,ORDER_STATUS) values (4,1000,1,69000,'123412341234','배송완료');
COMMIT;

UPDATE FUNDING SET FUND_FRONT_IMG = 'f_img';
UPDATE FUNDING SET FUND_CONTENT = 'con_img';

/* 계정번호시퀀스 */
DROP SEQUENCE ACC_SEQ;

/* 이슈번호시퀀스 */
DROP SEQUENCE ISS_SEQ;

/* 상품번호시퀀스 */
DROP SEQUENCE PROD_SEQ;

/* 카테고리번호시퀀스 */
DROP SEQUENCE CATD_SEQ;

/* 펀딩번호시퀀스 */
DROP SEQUENCE FUND_SEQ;

/* 펀딩거래내역번호시퀀스 */
DROP SEQUENCE FPM_SEQ;

/* 상품입출력번호시퀀스 */
DROP SEQUENCE PPM_SEQ;

/* 장바구니번호시퀀스 */
DROP SEQUENCE CART_SEQ;

/* 주문번호시퀀스 */
DROP SEQUENCE ORDER_SEQ;

/* 리뷰번호시퀀스 */
DROP SEQUENCE REVIEW_SEQ;

/* 위시리스트번호시퀀스 */
DROP SEQUENCE WISH_SEQ;

/* 상품아이디시퀀스 */
DROP SEQUENCE PROD_ID_SEQ;

/* QNA글번호 시퀀스 */
DROP SEQUENCE QNA_SEQ;

/* 계정번호시퀀스 */
CREATE SEQUENCE ACC_SEQ 
	INCREMENT BY 1
	START WITH 500
    NOCACHE;

/* 이슈번호시퀀스 */
CREATE SEQUENCE ISS_SEQ 
	INCREMENT BY 1
	START WITH 600
    NOCACHE;

/* 상품번호시퀀스 */
CREATE SEQUENCE PROD_SEQ 
	INCREMENT BY 1
	START WITH 500
    NOCACHE;

/* 카테고리번호시퀀스 */
CREATE SEQUENCE CATD_SEQ 
	INCREMENT BY 1
	START WITH 100
    NOCACHE;

/* 펀딩번호시퀀스 */
CREATE SEQUENCE FUND_SEQ 
	INCREMENT BY 1
	START WITH 500
    NOCACHE;

/* 펀딩거래내역번호시퀀스 */
CREATE SEQUENCE FPM_SEQ 
	INCREMENT BY 1
	START WITH 100
    NOCACHE;

/* 상품입출력번호시퀀스 */
CREATE SEQUENCE PPM_SEQ 
	INCREMENT BY 1
	START WITH 1000
    NOCACHE;

/* 장바구니번호시퀀스 */
CREATE SEQUENCE CART_SEQ 
	INCREMENT BY 1
	START WITH 100
    NOCACHE;

/* 주문번호시퀀스 */
CREATE SEQUENCE ORDER_SEQ 
	INCREMENT BY 1
	START WITH 1000
    NOCACHE;

/* 리뷰번호시퀀스 */
CREATE SEQUENCE REVIEW_SEQ 
	INCREMENT BY 1
	START WITH 100
    NOCACHE;

/* 위시리스트번호시퀀스 */
CREATE SEQUENCE WISH_SEQ 
	INCREMENT BY 1
	START WITH 100
    NOCACHE;

/* 상품아이디시퀀스 */
CREATE SEQUENCE PROD_ID_SEQ 
	INCREMENT BY 1
	START WITH 2000
    NOCACHE;

/* QNA글번호 시퀀스 */
CREATE SEQUENCE QNA_SEQ 
	INCREMENT BY 1
	START WITH 500
    NOCACHE;

COMMIT